transaction_id,customer_id,product_id,product_category,quantity,price,total_amount,payment_method,store_location,timestamp
736f26f1-499b-4622-8cbb-080de5b41156,887fb8d7-3785-4530-b082-659187cb5a4c,P003,Home,2,129.99,259.98,PayPal,Dallas,2026-07-20T16:24:24.043603
e81b269a-35cd-4bd7-8e59-b30cce843a7d,167fe065-05d5-4318-9a5a-60e3da170d6f,P004,Books,4,19.99,79.96,Credit Card,Seattle,2026-07-20T16:24:24.043616
16592fea-740a-4027-91e9-c5e2371f72f0,d210fe60-57ae-454b-bc73-185f8e37a6cb,P005,Sports,4,89.99,359.96,Cash,Dallas,2026-07-20T16:24:24.043626
b2d877ae-91b1-4220-9877-9ace97ffecd1,995cc646-b1c7-4d7c-90b7-adb6acb1a4b1,P002,Clothing,2,49.99,99.98,PayPal,Chicago,2026-07-20T16:24:24.043635
d781d747-aa19-431b-b6b7-0e0ab7180bff,376bb457-4d2f-44f2-891e-e48c693aa5aa,P001,Electronics,3,799.99,2399.97,Credit Card,Dallas,2026-07-20T16:24:24.043644
d9cef6af-27c4-48fd-9c6c-76b9348ba119,e5112fd5-e847-4ae5-918e-77c47d8c2819,P001,Electronics,5,799.99,3999.95,Cash,Boston,2026-07-20T16:24:24.043652
50fee14d-22a2-40d3-a5b3-aca785bb6a45,e2d57caf-910a-4826-b664-180619d38b7c,P003,Home,4,129.99,519.96,Cash,Boston,2026-07-20T16:24:24.043661
c447e6b5-871f-4b12-ae43-18ac0c596658,99e6eb0e-1962-41fa-821f-95cd32db7abd,P003,Home,1,129.99,129.99,Debit Card,Seattle,2026-07-20T16:24:24.043669
dd09d6e1-364b-420a-9cd7-9a77b3492a76,9d1b6532-ea20-491b-a255-98bd393d394b,P001,Electronics,1,799.99,799.99,Credit Card,Dallas,2026-07-20T16:24:24.043677
b0919085-7368-4598-adc0-3d54daf31997,ddcf4b46-5277-40ca-a740-580697d4f95c,P005,Sports,3,89.99,269.97,Debit Card,Boston,2026-07-20T16:24:24.043686
284664e1-f170-4126-924b-0e583c0d7ab1,e0c6b788-5852-49a4-b356-2f5a4422718a,P001,Electronics,5,799.99,3999.95,PayPal,New York,2026-07-20T16:24:24.043694
b9f1ada1-915a-4b72-af72-55dc455b3e4a,e49e5a96-bc64-4735-ab19-88ecf9ef53ba,P002,Clothing,5,49.99,249.95,Debit Card,Dallas,2026-07-20T16:24:24.043702
b47989bd-d727-4c72-a883-53445f98a49e,19cfdc13-3528-4fde-8c12-66ee3a77bf03,P001,Electronics,1,799.99,799.99,Debit Card,Boston,2026-07-20T16:24:24.043710
b651299b-0b73-4348-a428-5a7972622379,9a88b536-9804-466a-8d3c-0025c0fe2437,P002,Clothing,1,49.99,49.99,PayPal,Dallas,2026-07-20T16:24:24.043718
4f75aa44-e869-420a-8dd1-2ffcfabfce0e,21557a12-1843-4f54-942b-f887fba420a4,P005,Sports,5,89.99,449.95,Credit Card,Chicago,2026-07-20T16:24:24.043726
9c006cda-100f-4aaa-9273-6a3586ec0ad1,95f6965d-09c3-4ba8-beb3-268c9181be3a,P001,Electronics,3,799.99,2399.97,Credit Card,Boston,2026-07-20T16:24:24.043734
d8824178-b651-43d4-9652-68a8bdd5dcf0,ba5b8828-6a2f-4656-b99b-5f970c357b15,P005,Sports,1,89.99,89.99,Credit Card,Boston,2026-07-20T16:24:24.043742
1f048ad9-7d76-4b71-a03e-6e71db7f3b38,06d3f627-06fc-492f-a422-9f8e88195e19,P001,Electronics,2,799.99,1599.98,PayPal,Dallas,2026-07-20T16:24:24.043751
7bbfa5cb-8295-48ab-be10-d1e856cf589c,362582d9-5db4-4e14-a1d3-83544a267830,P005,Sports,5,89.99,449.95,Cash,Boston,2026-07-20T16:24:24.043759
638fcfa7-759c-4c6e-91e4-a5e12c7da070,749e9473-2f25-4afb-8dfc-456457210217,P005,Sports,4,89.99,359.96,PayPal,Dallas,2026-07-20T16:24:24.043767
edf2e172-10ce-467d-932e-e0c4185f8778,e2f2ea0f-2d4c-4044-9e49-09066e44eda3,P005,Sports,4,89.99,359.96,Debit Card,Chicago,2026-07-20T16:24:24.043775
3250966d-4ce6-44ab-8f1b-002a5d3dae61,d41492e0-66a9-4b18-bea7-ffbe0085a8b5,P005,Sports,3,89.99,269.97,PayPal,Boston,2026-07-20T16:24:24.043783
ae69ace7-95b4-4099-b342-85bbb19caee2,4dc613a2-f257-41cf-be6c-e9ce8e5f867a,P002,Clothing,2,49.99,99.98,PayPal,Seattle,2026-07-20T16:24:24.043792
d76bd71f-e158-4c22-9472-5d588485dfd4,a4dd9a86-887a-4c87-ae26-e2299bcb8951,P003,Home,2,129.99,259.98,PayPal,Dallas,2026-07-20T16:24:24.043800
b4feca21-6037-4939-8615-ff7d0b3670f2,41904b0a-641f-4284-b6f6-e3141cb155b6,P005,Sports,3,89.99,269.97,Cash,Dallas,2026-07-20T16:24:24.043808
11e473b6-7c61-4431-a8db-8554b695f283,4b7b879c-38fd-4f1f-a23a-6aac5b62ec60,P002,Clothing,5,49.99,249.95,Credit Card,Boston,2026-07-20T16:24:24.043816
61a01bc3-1e6a-488e-92b9-23517e33e173,4712e0ba-0dc8-409d-9a23-bcd85b5bc2de,P005,Sports,3,89.99,269.97,Cash,Boston,2026-07-20T16:24:24.043824
ec945fef-a28d-4fc2-89ff-dc4b0479b916,08b487b8-940e-4100-9592-a05fc6700136,P004,Books,5,19.99,99.95,PayPal,Seattle,2026-07-20T16:24:24.043832
7aba9a93-c6f1-4250-9195-d701ae282a28,61296402-4525-4347-9888-3c7f8503307b,P004,Books,2,19.99,39.98,PayPal,Boston,2026-07-20T16:24:24.043840
17c1c855-1f23-4735-ab4d-9feec5b72487,e0774c31-c8dd-4158-8376-ee207a895fac,P003,Home,1,129.99,129.99,PayPal,Boston,2026-07-20T16:24:24.043848
3cf17f38-53dd-40ee-951e-150e7beacb0d,7c7acdba-f91d-4561-bfd7-0d4838d2d1ca,P001,Electronics,5,799.99,3999.95,PayPal,New York,2026-07-20T16:24:24.043856
df39b97c-ca42-43dd-b127-7b8df812fc4f,a571a09c-a6fd-4090-ad3f-b86f20443610,P003,Home,3,129.99,389.97,PayPal,Boston,2026-07-20T16:24:24.043864
204fbf6f-231f-4236-9a19-bfd7fe37cece,61613343-a076-4885-ad2f-28e40cf92822,P005,Sports,3,89.99,269.97,Debit Card,Dallas,2026-07-20T16:24:24.043871
5942c6aa-6430-4a76-a680-a7566923c1de,e24f685d-1990-4d8e-89e9-660de0ebc567,P003,Home,5,129.99,649.95,Credit Card,Seattle,2026-07-20T16:24:24.043879
ea63bf25-44d6-4faf-8395-5cc59c82544c,3a498196-7b62-4581-b714-0f06300f4e64,P005,Sports,4,89.99,359.96,Cash,Boston,2026-07-20T16:24:24.043887
9b166474-f525-429e-9743-9ec9dddf0774,29b42c6d-07fe-4e52-9cda-15721f791e90,P005,Sports,1,89.99,89.99,Cash,Boston,2026-07-20T16:24:24.043895
1ce5c3e8-f449-4ea9-ac96-d529b8e0318b,c1371aca-0fbb-4d37-8cbd-e5cdecbbe049,P002,Clothing,1,49.99,49.99,Cash,Dallas,2026-07-20T16:24:24.043903
64c6a984-e65a-4657-891e-11895ac9d967,65ab3276-a4b5-43db-ae3a-d53cc43f78f2,P003,Home,3,129.99,389.97,Credit Card,Boston,2026-07-20T16:24:24.043910
c9332b8f-dfa2-419f-b49e-50ed0945a079,75d5acf8-767f-4f80-9a04-2381599607ff,P002,Clothing,2,49.99,99.98,Credit Card,Boston,2026-07-20T16:24:24.043918
8050c405-b85e-410e-bfda-67b9cace6691,61436e26-0124-4eb8-b497-eb45be380f2d,P004,Books,2,19.99,39.98,PayPal,Seattle,2026-07-20T16:24:24.043926
e1a78d75-9c04-475b-bad0-926c7ceec468,26d5315d-770f-41c3-86f4-76f5dd08b4d8,P001,Electronics,1,799.99,799.99,PayPal,Dallas,2026-07-20T16:24:24.043934
9c0215ed-853d-47d6-888b-6ea7e838dca9,ba57d32a-c503-460b-8f34-7450a59234ca,P002,Clothing,3,49.99,149.97,PayPal,New York,2026-07-20T16:24:24.043942
fb5b2f51-546f-4b62-8128-4e6691dd5f88,5b024324-7bb8-4e42-bb42-062f374241aa,P001,Electronics,2,799.99,1599.98,Debit Card,New York,2026-07-20T16:24:24.043950
278ee659-961e-4556-8b74-d8caba0f18e4,168ae11f-155d-4895-8ea4-213034e3b5fb,P002,Clothing,5,49.99,249.95,PayPal,Boston,2026-07-20T16:24:24.043957
f37e5dc9-6a0f-4461-8088-abbec7346239,aaa95c76-4dd7-4c30-8e03-a13f5e8b7275,P001,Electronics,2,799.99,1599.98,Debit Card,Boston,2026-07-20T16:24:24.043965
d307a68c-eb0e-4171-8563-046b71f637bc,dd559e0c-031f-4d70-b837-1cf9d8a473c0,P003,Home,2,129.99,259.98,PayPal,Seattle,2026-07-20T16:24:24.043973
3e84abf8-8f6f-4628-b567-85b76edc6b00,05e0bb51-42e7-472d-99ba-699d653f23c0,P004,Books,1,19.99,19.99,Credit Card,Seattle,2026-07-20T16:24:24.043981
0584681c-a7cf-4bbd-a283-64ec6b127bdc,b95eeaf6-d2e3-489a-9dba-cb8582902e3e,P005,Sports,3,89.99,269.97,Debit Card,Dallas,2026-07-20T16:24:24.043989
4a421cbe-0d48-43cf-8b72-5c464a79530b,b43f9ce8-058d-4160-85d4-2e64742761cb,P005,Sports,1,89.99,89.99,Cash,Boston,2026-07-20T16:24:24.043998
63e33585-d033-429b-9a27-4bd6ee6448e0,2400a185-fa6f-427a-944b-7795bfb8f0e2,P001,Electronics,1,799.99,799.99,Cash,Seattle,2026-07-20T16:24:24.044006
a258d9d2-8d0c-4a0c-9098-be92acb51d54,2a358156-0638-4e7e-85cf-933333a66071,P001,Electronics,4,799.99,3199.96,Cash,Chicago,2026-07-20T16:24:24.044014
42c3e6bb-5b7b-494f-b5fa-94c16503d897,c1f1ca4f-2083-464a-ae75-3891e25df7a1,P003,Home,4,129.99,519.96,Debit Card,Chicago,2026-07-20T16:24:24.044022
b9b665b4-6bc9-46f5-b53f-9c9a2839a584,050791c8-42ec-4709-9892-3fb8098329f2,P004,Books,3,19.99,59.97,Debit Card,Boston,2026-07-20T16:24:24.044030
79fcbdc4-c771-43b2-babf-e6c92236d508,a0f14b09-0527-467a-a143-3adbd3d22910,P001,Electronics,2,799.99,1599.98,Debit Card,New York,2026-07-20T16:24:24.044037
b5d2ab77-fbe4-4e97-82cf-aaca63a44eac,4b269608-6e8c-4e14-8474-896636b01998,P004,Books,1,19.99,19.99,Debit Card,Chicago,2026-07-20T16:24:24.044045
f2c9b99b-57bb-4600-aa16-fadcd48fef32,1f435551-2233-4358-b5f5-1e6d0c3d203f,P004,Books,3,19.99,59.97,Debit Card,Dallas,2026-07-20T16:24:24.044053
c8c4418f-d6a7-445c-897f-01ff03cde737,b2e5463d-34aa-48f3-afb5-e789c2b0c5b8,P003,Home,4,129.99,519.96,Debit Card,Dallas,2026-07-20T16:24:24.044061
2edaed6d-6c0b-4e7b-bbfd-e5011cf813a5,b98847ff-5d33-4301-a7fc-c9543b1dc6f0,P003,Home,1,129.99,129.99,Credit Card,Chicago,2026-07-20T16:24:24.044069
2eeda3bf-3be1-4102-8b93-0039881134a1,50c8abd8-52fa-440a-8bf2-1d3533a894a6,P002,Clothing,5,49.99,249.95,Credit Card,Dallas,2026-07-20T16:24:24.044077
afb2cdc9-c613-4984-92b8-0456c7930c3f,b854f950-24a2-41d9-9f3d-1b4e8ae4703f,P005,Sports,1,89.99,89.99,Cash,Chicago,2026-07-20T16:24:24.044086
9c692b61-410f-4599-a8e6-c66a133c7a01,2e285657-c792-4d10-90c5-24f32a0924a8,P005,Sports,1,89.99,89.99,Debit Card,New York,2026-07-20T16:24:24.044093
29d41368-fbb4-40e1-ac28-bc648aa82a39,206dcad1-cda3-4375-9f9e-6eb72aa898d3,P002,Clothing,3,49.99,149.97,Cash,Chicago,2026-07-20T16:24:24.044101
2d1b7393-aaeb-4672-81ee-0f00769e3593,96876380-5171-497d-8ede-f3bed5551f97,P005,Sports,3,89.99,269.97,Debit Card,New York,2026-07-20T16:24:24.044109
a688ab0c-4c00-4495-90b3-5af9fdc9d0fe,e1096eef-97f5-4984-a89e-3bc08ad7f796,P002,Clothing,4,49.99,199.96,PayPal,Dallas,2026-07-20T16:24:24.044117
05908bc0-e55f-43fc-8f64-901fd5fd1197,bce7e0d9-c4b4-4271-ad49-abc434906410,P002,Clothing,4,49.99,199.96,Credit Card,Boston,2026-07-20T16:24:24.044125
eb17c647-2ff0-4cfc-a15e-b21c7f6ba0ab,3b29e3c8-f791-4a0a-b225-d535a2792d64,P002,Clothing,5,49.99,249.95,PayPal,Dallas,2026-07-20T16:24:24.044141
e6f8e894-4d30-462c-b854-2e96cec13c9f,9c0e459f-0849-47db-b653-bf81c8e79164,P002,Clothing,5,49.99,249.95,Cash,Seattle,2026-07-20T16:24:24.044150
bbd3668b-0084-4414-b8ab-092ee9e8071f,0e947c32-e905-45d9-a7bc-0bb679262252,P004,Books,5,19.99,99.95,Cash,Boston,2026-07-20T16:24:24.044157
2bb8fff5-7bdd-42d1-b02e-992aea3a27e9,195cc6c3-3884-4cf2-ae60-2c6eae1fa42b,P002,Clothing,1,49.99,49.99,Debit Card,New York,2026-07-20T16:24:24.044165
5a7cd792-4ee3-4f06-8895-c277d1d2b28f,e42be95f-aafb-4287-89b7-eafd837fc8be,P003,Home,4,129.99,519.96,Debit Card,Boston,2026-07-20T16:24:24.044173
571cb67a-d234-424e-a3ce-5e84bd33f07a,7a5de650-c9b7-4ba9-9aa8-e754d94c9812,P001,Electronics,2,799.99,1599.98,PayPal,Dallas,2026-07-20T16:24:24.044181
dc5e1cda-61f3-4f1a-8cd3-0fcef3dec264,33d5c725-b3d8-4a81-bfd1-c5268c9d96cc,P001,Electronics,2,799.99,1599.98,Credit Card,New York,2026-07-20T16:24:24.044190
365a7627-5ba6-4e38-8466-dd59e1babd2b,7ecc1072-6138-4a4d-8de2-ac6ac78ac5a4,P002,Clothing,4,49.99,199.96,PayPal,Dallas,2026-07-20T16:24:24.044198
186ab1a5-fd15-4a5b-9c0b-c4fb282712a3,5095d1fd-b882-4ead-b837-ea75f7808b07,P003,Home,5,129.99,649.95,PayPal,Dallas,2026-07-20T16:24:24.044206
2f8ab80d-cc12-4f03-bb6e-6b164021b1e0,51ca43ea-efb3-43ff-a1f8-eddcb2d5fe5f,P001,Electronics,3,799.99,2399.97,Cash,Seattle,2026-07-20T16:24:24.044214
f7106fc3-c4d1-40b3-9700-41611c3d70d9,f784fd44-c6dc-4440-a07b-5a5e05329425,P001,Electronics,2,799.99,1599.98,Credit Card,Boston,2026-07-20T16:24:24.044222
2094db13-486a-44ef-9ab5-fabad5ac23ee,2a864593-0090-4417-b814-07ddb60afe34,P005,Sports,4,89.99,359.96,PayPal,Chicago,2026-07-20T16:24:24.044229
4c26b8e8-aa96-4acb-aee8-326a62fc1c11,cd146861-47a6-4218-b2be-f24ea0da5c39,P005,Sports,2,89.99,179.98,Debit Card,Boston,2026-07-20T16:24:24.044237
0f2dadcd-6d5f-4051-b4a1-2a63189d6499,3d6c6449-64e2-4fad-a52c-db525e649c63,P001,Electronics,2,799.99,1599.98,Cash,New York,2026-07-20T16:24:24.044245
fa6b200b-ebde-4008-949b-814c7cc931c5,8601efc5-c6d7-463e-bbf5-039b92ad5291,P001,Electronics,5,799.99,3999.95,Cash,Seattle,2026-07-20T16:24:24.044253
28880cc1-d814-4a4e-8555-8d0be591de6c,84202227-4839-430f-86c6-5d7f33c9f4ad,P002,Clothing,3,49.99,149.97,PayPal,Chicago,2026-07-20T16:24:24.044261
93548feb-81d0-4951-81d2-0c01d5d03d23,605a4547-9d68-4250-8d81-2eb1620fe0f6,P001,Electronics,3,799.99,2399.97,PayPal,Dallas,2026-07-20T16:24:24.044268
20d3342f-c47e-4404-958a-9174565802f1,52a6a8ea-8318-4fb7-880d-779ab14f0b3a,P003,Home,1,129.99,129.99,Cash,New York,2026-07-20T16:24:24.044276
796df34b-8ac9-432d-a314-c440a7d05aac,aede0f00-9a12-4cf2-a912-b996f58e9fd8,P004,Books,5,19.99,99.95,Cash,New York,2026-07-20T16:24:24.044284
0e1da632-c9fa-4dd2-b159-5ae9dfa4dfd9,fb30189d-08e0-4285-9675-12782085c699,P005,Sports,2,89.99,179.98,PayPal,Boston,2026-07-20T16:24:24.044292
9efb9606-bdf7-4855-9912-a479968f2ace,baefaad1-e3e4-4ede-97c1-287b45d69059,P003,Home,3,129.99,389.97,Cash,Dallas,2026-07-20T16:24:24.044300
986c4506-c473-44ec-80d4-7a2b0c92bdcb,8df33b92-efe3-4420-9106-d675c02d8da5,P002,Clothing,3,49.99,149.97,PayPal,New York,2026-07-20T16:24:24.044307
a246cfb7-9a06-410e-8b3f-c0346c710489,5d3924b6-4daa-4fdc-99a6-909df5a25a4e,P005,Sports,4,89.99,359.96,PayPal,Boston,2026-07-20T16:24:24.044315
9fc0b5bb-3dc9-4158-a55d-33b3fe2701e7,fe214262-802e-4b20-abd2-b730a98f7499,P005,Sports,5,89.99,449.95,PayPal,Seattle,2026-07-20T16:24:24.044323
3f18541e-b9b1-418e-841f-254af590bc95,43af3617-8299-43a9-ba45-fa1bba9e046a,P004,Books,3,19.99,59.97,Credit Card,Dallas,2026-07-20T16:24:24.044331
9fec5c3c-4f72-4863-af98-362021099910,eb6a5a3a-f7e0-4428-91f1-22e502d5b620,P002,Clothing,3,49.99,149.97,Cash,New York,2026-07-20T16:24:24.044339
dbb61665-2241-45df-9310-2b20f5abeb56,82e0455e-8a7d-4194-9858-4c063a6358c5,P005,Sports,1,89.99,89.99,Debit Card,Chicago,2026-07-20T16:24:24.044346
3d2ac359-5164-4c32-8bf6-652beced5f12,d982ff3f-16d6-4e71-bc82-4c2248e0eac3,P001,Electronics,4,799.99,3199.96,Credit Card,Dallas,2026-07-20T16:24:24.044355
70a8c5c3-b6d7-4249-8352-6e4edb720b3d,5ed037db-74d6-409c-98b2-663125f6e548,P002,Clothing,3,49.99,149.97,Cash,Boston,2026-07-20T16:24:24.044364
839dde15-44fd-4859-baa5-9dd4b347cd47,47268b32-7ff1-4014-85a1-16f7e2d26f15,P005,Sports,2,89.99,179.98,Cash,Seattle,2026-07-20T16:24:24.044371
a9f2a170-fb43-4af7-97b1-38aae297ebac,be36f6a8-cb2f-4100-a0dc-0cf0a6e93b5f,P001,Electronics,5,799.99,3999.95,Cash,Boston,2026-07-20T16:24:24.044379
c99305be-bc8c-4659-996a-4f6c05e2bbe1,5b972fa9-dd57-4b2a-aac5-41ffadf7f115,P004,Books,2,19.99,39.98,Cash,Dallas,2026-07-20T16:24:24.044387
ccda95bd-6094-4aee-9d8e-ff8e8c1ac353,5d2c8ef9-5633-4aa7-94a6-da13296b995c,P002,Clothing,4,49.99,199.96,PayPal,Seattle,2026-07-20T16:24:24.044395
38a63caf-0323-4b74-b60e-cc7f2f2a1618,3736727e-d170-4667-9b13-3c0be27048a0,P001,Electronics,2,799.99,1599.98,Cash,Seattle,2026-07-20T16:24:24.044403
f00b1b5e-8c4b-434d-b15c-9fe447d7cb24,25028ee8-1d97-43a1-b2e9-14f811601090,P005,Sports,3,89.99,269.97,Debit Card,Chicago,2026-07-20T16:24:24.044411
b04117a2-3135-4fa3-a6f4-0705123db875,a7be7233-9147-4934-bc0e-b30298dfb168,P002,Clothing,1,49.99,49.99,PayPal,Seattle,2026-07-20T16:24:24.044419
8d63cfe0-3d02-4fed-9f6e-9bbf1787d6e4,e12f53c1-301a-480f-a61a-51c2b9f128eb,P004,Books,3,19.99,59.97,Debit Card,New York,2026-07-20T16:24:24.044426
2e98645b-4ce6-40f6-a124-3dc2e2033c7e,0f3f8a1d-c05a-4bea-a677-0c41a66ed53e,P001,Electronics,3,799.99,2399.97,Debit Card,Dallas,2026-07-20T16:24:24.044434
7e0ea081-7387-49a2-99ed-73e33bc34c40,7d87dd40-4883-42d6-b702-3a8e0400af40,P003,Home,2,129.99,259.98,Cash,Chicago,2026-07-20T16:24:24.044442
f3e5621a-4017-48bd-9ffb-16103fa49dfa,ef8586b0-5918-4310-8c89-a3c568811db7,P001,Electronics,1,799.99,799.99,Debit Card,Chicago,2026-07-20T16:24:24.044450
cfee4101-7d20-4527-ba3d-34f1fc70ed0a,837061fa-8ff5-4bfc-8dc7-eedb060cb3f6,P005,Sports,1,89.99,89.99,Debit Card,New York,2026-07-20T16:24:24.044458
91ffc32e-aef4-49df-bac9-3e27affad7dc,a5a568df-1fd0-4a7c-b99a-eb288bae868d,P003,Home,5,129.99,649.95,PayPal,Boston,2026-07-20T16:24:24.044466
83961a27-4c20-4640-8063-43008e192c11,b802a103-b9ba-4333-b594-b3fc8f889e6f,P002,Clothing,5,49.99,249.95,Cash,Dallas,2026-07-20T16:24:24.044474
e46327c3-306a-4347-8c08-f9a92db5c2ee,b319429e-bc16-4a40-a6cf-2cda1abb307d,P001,Electronics,1,799.99,799.99,Credit Card,Dallas,2026-07-20T16:24:24.044482
2dcd39af-fa6e-42b9-98bd-b4c74778d1dd,91654cec-d207-4d1c-9706-a09e377a9b0e,P003,Home,3,129.99,389.97,Cash,Dallas,2026-07-20T16:24:24.044490
d485d6f3-1784-4c6f-98f6-16c4dde38703,0da4dc33-6a34-441c-a729-2d7af7c78a6e,P003,Home,3,129.99,389.97,Debit Card,Dallas,2026-07-20T16:24:24.044498
bcf25dfa-035d-4072-968e-4872e28b3fba,e319a973-14a0-4b3e-95ca-d1a75096f562,P003,Home,5,129.99,649.95,Credit Card,Boston,2026-07-20T16:24:24.044506
23451740-6c16-4bab-b2a3-d8bdcc09b94b,65934213-d473-4e76-95ae-00249fa89605,P003,Home,2,129.99,259.98,Credit Card,Dallas,2026-07-20T16:24:24.044513
7c49ee85-8d01-4fb1-b699-9d1bc7fc245a,e40c8de9-8183-427a-95d7-edab7bf99c45,P001,Electronics,2,799.99,1599.98,Debit Card,New York,2026-07-20T16:24:24.044521
62ef6809-69f2-40d1-8a61-69346d4257bf,e8fd5901-5bbc-4369-8147-063d81806bd3,P002,Clothing,2,49.99,99.98,Cash,Boston,2026-07-20T16:24:24.044529
804889f6-1cd8-4b4b-86da-8b80a84d3949,d6a657d3-d309-4316-bef6-a55e3d10a66c,P005,Sports,4,89.99,359.96,PayPal,Seattle,2026-07-20T16:24:24.044537
e70fdbba-6e62-4278-9ae5-259ff651d06e,09160dda-7a4f-45e5-9c33-06decf145b0f,P001,Electronics,2,799.99,1599.98,Cash,Chicago,2026-07-20T16:24:24.044545
7d81084f-a753-4bac-a43b-01ee88e32623,a8bad469-515c-449a-89ed-e24a700c6b4c,P001,Electronics,4,799.99,3199.96,Debit Card,Seattle,2026-07-20T16:24:24.044553
80d2aade-e9c1-49d3-9d7d-804b8e7899c9,2e74d833-bcfb-4f29-8268-85f64043a78c,P004,Books,3,19.99,59.97,PayPal,Dallas,2026-07-20T16:24:24.044562
c550787a-6bff-40ae-aad8-92f5b4d7e444,56034412-caa9-442e-8159-ce09e1bc6d88,P005,Sports,4,89.99,359.96,PayPal,Seattle,2026-07-20T16:24:24.044570
e6b0a251-4211-4a02-a4b7-bffe269d3438,85e966f2-bf34-4088-b859-cd881ef4299b,P001,Electronics,2,799.99,1599.98,Debit Card,Dallas,2026-07-20T16:24:24.044578
aa6e98ba-6be0-48ad-a87e-5458aa541cf0,deda14e7-fd54-45ee-9bd7-04ba7eccc4ac,P004,Books,1,19.99,19.99,Credit Card,Dallas,2026-07-20T16:24:24.044586
04c631ca-b72b-4daa-8d82-4a4e970eafcb,3858f1d4-5239-4ac2-ae06-ebec8ffe8c11,P005,Sports,4,89.99,359.96,Credit Card,Dallas,2026-07-20T16:24:24.044594
d3757e02-f91a-4179-9515-a8b0c81efb1f,fa38b88b-e5b6-424b-9ff9-9369868301a4,P002,Clothing,5,49.99,249.95,Credit Card,Chicago,2026-07-20T16:24:24.044602
8f60d75d-f22d-48f9-bd4c-fbfb99ca3b21,1d90c6b3-56ae-47d7-9987-f468a3dab9fc,P002,Clothing,4,49.99,199.96,Cash,Boston,2026-07-20T16:24:24.044610
ea883ed8-e4f7-4a7d-8bb5-ec4a17ce9b1c,53159a4e-748c-4a6f-a73d-904353901085,P005,Sports,2,89.99,179.98,PayPal,Seattle,2026-07-20T16:24:24.044618
6d88d332-196f-4174-8af2-04c3600e8ca7,e2096421-6894-4155-8bd5-1c048907bffd,P003,Home,4,129.99,519.96,PayPal,Seattle,2026-07-20T16:24:24.044626
de918551-8667-49d3-a9a2-5327ea828c30,7391d0fe-e5aa-4447-8323-ac06353c8504,P001,Electronics,2,799.99,1599.98,Debit Card,Chicago,2026-07-20T16:24:24.044634
53f7fa37-7b41-4669-a969-c44383068be0,6bf656ac-78f4-45da-9bd5-22ca7f23e7b7,P005,Sports,3,89.99,269.97,PayPal,Dallas,2026-07-20T16:24:24.044641
d4210870-0fb5-453b-a5b5-251f187dfdf7,bb9fc8bf-7c05-42cb-8f8c-b7b0e8ed975e,P003,Home,2,129.99,259.98,PayPal,Seattle,2026-07-20T16:24:24.044650
78b789d8-bf89-4c87-9729-0895abd567da,e32677ef-4d76-4f24-8e9b-d058765ec31b,P002,Clothing,2,49.99,99.98,PayPal,New York,2026-07-20T16:24:24.044657
86cb0dca-3b29-47b6-8b3f-c8b02e3fed2e,74e28dbe-5617-484e-8400-78efe6c6ed85,P005,Sports,5,89.99,449.95,PayPal,Chicago,2026-07-20T16:24:24.044665
34b37c49-5a9a-4d23-9ddd-301f1a54028a,55945e53-1772-4956-aa14-9ddc28e54767,P001,Electronics,3,799.99,2399.97,Cash,Seattle,2026-07-20T16:24:24.044673
6455fa6c-98eb-4319-a312-764e3decad0d,fbb7bbd0-7403-4b9b-9456-2f5872b8531b,P002,Clothing,2,49.99,99.98,PayPal,Dallas,2026-07-20T16:24:24.044681
8209406e-a4b9-4170-a554-2bff2190a1c6,8809bbac-94cf-45fb-868c-8061cb9cdf20,P004,Books,4,19.99,79.96,Credit Card,Chicago,2026-07-20T16:24:24.044689
78414669-524c-42be-8ad7-44be5773a347,1c5ce181-6a78-475e-ba23-e8d3338c69c6,P002,Clothing,2,49.99,99.98,PayPal,Boston,2026-07-20T16:24:24.044697
c3d09d65-d85a-407f-999f-24974317d7fb,35593cff-2814-4024-a843-d74a06eac4c2,P002,Clothing,5,49.99,249.95,Cash,Dallas,2026-07-20T16:24:24.044705
bf58c6dc-6546-4524-bd34-ed9d7bd5852e,cfaa6350-0ffe-40a8-9c7b-6bae571e66f2,P005,Sports,5,89.99,449.95,Debit Card,Dallas,2026-07-20T16:24:24.044713
63d3ef9f-e655-4b70-896d-fa5a2645a55d,fd130153-2874-46d3-bb0a-187d21878d0a,P005,Sports,3,89.99,269.97,Debit Card,New York,2026-07-20T16:24:24.044721
f793446f-3005-4545-84b6-0de1fb82e212,dc71aa35-8d01-43aa-928d-ebc3ef86e2e2,P002,Clothing,4,49.99,199.96,Debit Card,New York,2026-07-20T16:24:24.044729
294ca670-5c29-4427-8a4a-98221fba6a88,aef65dc1-2cd9-4506-920e-145e1a53fad3,P002,Clothing,1,49.99,49.99,PayPal,Chicago,2026-07-20T16:24:24.044737
ac2e0340-e982-46a2-b901-32a36b6952d6,af910d58-475d-489f-81a1-2170c63f5b1f,P005,Sports,5,89.99,449.95,Credit Card,Seattle,2026-07-20T16:24:24.044745
9e03dba3-6c04-461f-b8f8-a2ee91db1d99,dd297ea4-7469-4772-b808-9e363b12a8a3,P005,Sports,2,89.99,179.98,Debit Card,Seattle,2026-07-20T16:24:24.044753
bd9389d4-b874-47ad-9e59-ae47107ca716,e64d5226-0572-4392-9f29-c05e4c237cba,P004,Books,4,19.99,79.96,Cash,Chicago,2026-07-20T16:24:24.044761
34ad3d40-95d2-4c9f-8c61-358c056af72d,014a0f2f-a909-427b-8f2f-16797fd73a98,P005,Sports,2,89.99,179.98,Credit Card,New York,2026-07-20T16:24:24.044769
d9182df6-b456-44eb-979e-022a332073ac,ed9a8657-9c73-4f3d-bf19-78d18f0bb878,P001,Electronics,4,799.99,3199.96,Cash,New York,2026-07-20T16:24:24.044777
a0df5714-5338-4ac4-9be4-cec828e6fb41,ec43e69b-c281-4246-9278-992c67c889c3,P005,Sports,1,89.99,89.99,Credit Card,Chicago,2026-07-20T16:24:24.044785
d35ec7ab-67da-4b17-8ec5-8d4a1fe1c6cd,ff7a67ea-4045-452b-96fd-c9a658d45233,P005,Sports,5,89.99,449.95,Credit Card,Seattle,2026-07-20T16:24:24.044792
099770d6-bf6d-41da-b4b0-7d7ebdb1fb39,250ee78b-5246-4705-aa87-047a8607779d,P003,Home,2,129.99,259.98,Debit Card,New York,2026-07-20T16:24:24.044800
2559ca81-c1a5-4248-b4cc-34aedf43eb2e,20d9aa99-34e4-403e-9454-ac8ccba6fbfd,P004,Books,4,19.99,79.96,PayPal,Chicago,2026-07-20T16:24:24.044808
63b23a1a-193f-4061-a79a-f6d294d2faed,a2ed31fb-45de-45f8-b086-647607a83803,P003,Home,5,129.99,649.95,Debit Card,Dallas,2026-07-20T16:24:24.044816
bb0c92f8-bd45-41d6-af72-bb3f5657eac5,c8b073b9-2cdf-45da-a32e-a1d126799a3a,P005,Sports,1,89.99,89.99,Credit Card,Seattle,2026-07-20T16:24:24.044824
b981c772-51c9-48ac-8c52-523f8a3bbc8f,29301c36-a488-4b65-bfd2-04461f6502e9,P005,Sports,3,89.99,269.97,PayPal,New York,2026-07-20T16:24:24.044832
e8ee1264-6f8e-4ae8-8706-0133f90a1b1a,a91064fe-5c23-4a85-bcf2-5dc31652ce81,P004,Books,3,19.99,59.97,Credit Card,Chicago,2026-07-20T16:24:24.044839
f126547a-1752-41e2-9e62-9bf6580a4575,37e90b5d-afbe-4210-9f78-5c3c17d1d184,P004,Books,1,19.99,19.99,Credit Card,Chicago,2026-07-20T16:24:24.044847
2bb4e2e8-bf32-4b6e-bce6-db862e3dedcb,10fd15e1-2af8-4e5f-b613-19e592890504,P004,Books,2,19.99,39.98,Cash,Chicago,2026-07-20T16:24:24.044855
034d96c4-df84-4d73-b72d-8dd066c7c921,c02e4221-1638-4a0b-a6cc-78163d89aaf1,P001,Electronics,1,799.99,799.99,Debit Card,New York,2026-07-20T16:24:24.044864
45a69983-5c95-49a2-b8f8-672ee9293974,d70ba076-5a4d-4332-9984-c372d1a6be12,P005,Sports,4,89.99,359.96,PayPal,New York,2026-07-20T16:24:24.044871
355e7b26-e1ba-46ca-878a-d51afa2c0bdf,78aeb549-c32c-4733-b4c2-c420e4fbb21b,P002,Clothing,2,49.99,99.98,PayPal,Chicago,2026-07-20T16:24:24.044879
fb93b6e9-85aa-442e-9cf2-38cb31b3ce5e,8706a973-4eb5-4e37-b818-243ce7755945,P004,Books,1,19.99,19.99,Debit Card,New York,2026-07-20T16:24:24.044887
ed0bd5a4-e324-4d0b-829e-34b57dca8409,f20b7c28-8eb9-4c09-8480-3e4a975d593c,P004,Books,1,19.99,19.99,PayPal,Boston,2026-07-20T16:24:24.044895
acbee884-f853-42b3-992a-6679277ea4ae,7e4f2b62-0d29-4113-b8b6-8601ebb7da19,P005,Sports,2,89.99,179.98,Credit Card,New York,2026-07-20T16:24:24.044902
c490bd06-79b0-4f13-9974-26c6162d5173,5f032863-0ed9-4154-a07c-7a65ea07756d,P005,Sports,1,89.99,89.99,Cash,Dallas,2026-07-20T16:24:24.044910
9310b99a-0150-400b-a3f4-d365122543ee,fa1f5988-bf2e-404f-a781-7739587d4974,P003,Home,4,129.99,519.96,PayPal,New York,2026-07-20T16:24:24.044918
09967638-876e-4755-b8a2-b33c7196f8fd,044351d7-e81a-493f-a2de-b0e32801a9c4,P003,Home,3,129.99,389.97,Cash,New York,2026-07-20T16:24:24.044926
2c9b1c6b-d923-4595-ae08-e2e5cc0375c5,23145b9d-efe6-43b2-96c0-471e010a6840,P001,Electronics,3,799.99,2399.97,Debit Card,Seattle,2026-07-20T16:24:24.044935
e045a84d-40a5-4752-b245-bb02ca9864d2,fd826e5f-8088-430b-b71f-d2cb1cdb2727,P002,Clothing,2,49.99,99.98,Debit Card,Boston,2026-07-20T16:24:24.044943
f68a28cc-c8a2-49a7-b0d9-de059bcbd252,e5706554-945f-47d5-af25-884ef3cdd1d6,P004,Books,3,19.99,59.97,Credit Card,Chicago,2026-07-20T16:24:24.044950
784f9127-f5fb-4da8-9a04-c83c795f4a83,51c07ad2-6544-4dd4-a49e-663224bc7ac6,P003,Home,2,129.99,259.98,PayPal,Boston,2026-07-20T16:24:24.044958
c6d5ab34-5f9b-4956-8148-c256919dea13,89309e91-e455-4be1-baa6-a07fd1704026,P002,Clothing,4,49.99,199.96,PayPal,New York,2026-07-20T16:24:24.044966
365d70c9-9ee5-4c54-9545-7e1956675973,3fb148bb-73e7-40f0-bc29-f8b20dc68160,P001,Electronics,3,799.99,2399.97,PayPal,Dallas,2026-07-20T16:24:24.044974
598cb8c7-e3c9-4966-8c08-11e92192ddd8,988be24f-e531-4eab-875c-41f42d032cf5,P002,Clothing,1,49.99,49.99,Cash,Dallas,2026-07-20T16:24:24.044982
8812d042-eda3-4c6c-97e1-af19229e3a4c,d157c750-c456-4db0-9536-24fea08f6e78,P001,Electronics,3,799.99,2399.97,Credit Card,Seattle,2026-07-20T16:24:24.044990
41f9f903-3525-4371-b290-cfa29aa30fd9,e23ea395-083c-47d0-8398-6e91e264b6c1,P001,Electronics,1,799.99,799.99,PayPal,Seattle,2026-07-20T16:24:24.044998
56f53cf9-8550-4ab9-83a8-9f362bfc93d2,92b64d1e-6311-4062-8a88-8a93c0a64588,P001,Electronics,2,799.99,1599.98,Credit Card,Seattle,2026-07-20T16:24:24.045005
909e0393-4ee5-47fb-994b-9550aa8c03ae,237dffe8-c20b-47cf-820d-dc8dead2b015,P004,Books,3,19.99,59.97,Cash,Chicago,2026-07-20T16:24:24.045013
c704a8f4-fde1-4c02-bbe2-4126684e1ce6,80a1ff44-cf39-428c-8af7-b13b53dda5ab,P002,Clothing,3,49.99,149.97,PayPal,New York,2026-07-20T16:24:24.045021
f296af39-a75d-489a-9b70-ec731b11970e,a7f5ac1d-9ce2-4a02-a683-46750878d902,P004,Books,2,19.99,39.98,PayPal,Boston,2026-07-20T16:24:24.045029
96577531-37e0-47c6-9b8f-0d9cbf6fe469,6bd92a09-c942-40e1-aba1-827ec5cc6556,P003,Home,3,129.99,389.97,PayPal,New York,2026-07-20T16:24:24.045037
02ca5cc2-def4-4582-b91a-c9363baaa92b,73206448-f9ad-4178-84b2-c46c579fe95a,P004,Books,5,19.99,99.95,Credit Card,New York,2026-07-20T16:24:24.045044
c3625ed4-cec7-42e3-8469-8e964860d370,2e721e83-d834-4176-9bcc-ad9db518dec5,P003,Home,1,129.99,129.99,PayPal,Dallas,2026-07-20T16:24:24.045052
d790be10-9c0a-470b-b94c-63717809eb26,011a3b6a-7e5a-4129-856f-aefe104adf8a,P003,Home,5,129.99,649.95,Debit Card,New York,2026-07-20T16:24:24.045060
339c03f4-b12a-4d59-811d-d32edcab373c,6747b4b8-8761-4a6c-a5b6-a35f1915a3a8,P002,Clothing,3,49.99,149.97,Credit Card,Dallas,2026-07-20T16:24:24.045068
238a05e5-7dd3-4912-ba09-a14918f5609a,6af6a3e2-d15e-4f7e-8bec-de03f87fc3fa,P002,Clothing,4,49.99,199.96,Credit Card,Seattle,2026-07-20T16:24:24.045076
2c8b33a5-cada-4969-9ced-db673ade5067,31361535-6d88-4c15-9d61-92f20d78a7fe,P001,Electronics,4,799.99,3199.96,Credit Card,Chicago,2026-07-20T16:24:24.045084
181b2ef8-2030-4fbb-88b5-1fb34d0dd4ef,b0dc4664-69c3-407e-accb-68a261f15e7d,P004,Books,4,19.99,79.96,PayPal,Boston,2026-07-20T16:24:24.045092
dbb995bb-bde3-4b86-a086-9d060bf6ebf7,42f12439-d323-42c2-884f-be832a55f791,P002,Clothing,5,49.99,249.95,Cash,Seattle,2026-07-20T16:24:24.045100
fb6ddf56-a48a-4987-a18d-e128717d6c62,58b51297-261b-4709-91c4-201651a46e07,P005,Sports,4,89.99,359.96,Credit Card,Dallas,2026-07-20T16:24:24.045108
b4533b13-3ead-426d-95b2-3f8263933a66,40a003d1-c493-45a6-86b8-f029627eb967,P005,Sports,4,89.99,359.96,Credit Card,Chicago,2026-07-20T16:24:24.045117
b853e992-75ca-498c-8305-81c38a78bd69,c9e93075-bc52-4dc5-a7e8-5005a0a5108b,P003,Home,4,129.99,519.96,PayPal,Seattle,2026-07-20T16:24:24.045125
21c9e31c-06c1-4077-ab99-28c2aeea6a60,fc630ff8-55b0-46d3-9da3-4556dabc0d43,P005,Sports,1,89.99,89.99,Credit Card,Boston,2026-07-20T16:24:24.045133
7bd57a8f-14d1-4cd9-90ac-d9d2b9dfdaed,7e3aeed8-15db-4fd8-b69b-83f8aef76714,P004,Books,5,19.99,99.95,Credit Card,Chicago,2026-07-20T16:24:24.045140
511dc19a-2ac9-435e-b39a-ad3a1fb5d3a8,b5d5c4fa-9abb-41f2-9784-fe442daafb89,P002,Clothing,2,49.99,99.98,Credit Card,Chicago,2026-07-20T16:24:24.045148
20e65d96-96ec-4fc6-9b82-fb4de3d59ddc,71bed65e-959c-4109-ac31-f1d69898b0a5,P001,Electronics,1,799.99,799.99,Debit Card,Boston,2026-07-20T16:24:24.045156
602e6707-0583-4778-ae95-dddf6623bc38,e2f3a546-e5d6-4500-b804-a9993471232c,P001,Electronics,2,799.99,1599.98,Cash,Dallas,2026-07-20T16:24:24.045164
a1c3ca29-e543-4f9e-ac73-965956419e20,4ec13ab7-f1f0-4199-8477-2ba2b6f9f031,P004,Books,3,19.99,59.97,Credit Card,Boston,2026-07-20T16:24:24.045171
dfb6d224-d429-4cd9-8199-d42e93a5b244,f861a508-b4b6-4139-809b-0b856f787253,P001,Electronics,2,799.99,1599.98,Debit Card,New York,2026-07-20T16:24:24.045179
17d3eac6-5df1-4350-94df-705a772adf35,5148447f-880a-4761-890f-8a5f39a1403b,P001,Electronics,1,799.99,799.99,Cash,Seattle,2026-07-20T16:24:24.045187
e6a98277-4972-4471-8c45-4ad82110be18,a6a1436e-542e-450c-8b1f-4f9098ef0e9c,P004,Books,2,19.99,39.98,Credit Card,New York,2026-07-20T16:24:24.045195
37dfd3e1-f8c1-496f-9f58-e1423f77cde0,0793897d-d9f1-408c-b812-2f448f7ebee7,P005,Sports,2,89.99,179.98,Debit Card,Seattle,2026-07-20T16:24:24.045203
bff1a00b-11a5-4903-b39f-8ff03e682d57,f9bd61b6-8aab-4238-a3b5-a18841ed3b70,P004,Books,4,19.99,79.96,Debit Card,Dallas,2026-07-20T16:24:24.045211
dafd2483-71ab-4e14-9357-d077ded27f15,5ae8c4ce-a641-4348-a4de-7f5c581e5a86,P005,Sports,4,89.99,359.96,Debit Card,New York,2026-07-20T16:24:24.045219
5d55f7f1-3170-45fb-9f20-44940d50a148,74f6aec1-0dc7-4e5d-9295-8a4e08ade34c,P004,Books,3,19.99,59.97,PayPal,Dallas,2026-07-20T16:24:24.045227
9004343e-1015-442a-ba29-1b2152138819,6425d3ee-5beb-4428-ba1a-2af16ee00df6,P001,Electronics,2,799.99,1599.98,Debit Card,Dallas,2026-07-20T16:24:24.045234
218083e0-41b3-4576-97a1-95254059717a,d77f980c-92ac-4dac-b364-2c6b3e9e6d3f,P005,Sports,2,89.99,179.98,Debit Card,Boston,2026-07-20T16:24:24.045242
4a450cb6-8dba-4385-8abb-549eb3f0b336,1dd3dc2c-1092-4aa7-b7eb-605e24cc4222,P005,Sports,5,89.99,449.95,Debit Card,New York,2026-07-20T16:24:24.045250
1432ab48-d5c9-44b6-9461-d50b42ec3dca,d0f1a7ce-741a-4bcd-8ace-9c4cbd84ba91,P003,Home,3,129.99,389.97,PayPal,Boston,2026-07-20T16:24:24.045258
e13ee4bf-8cfd-4a3c-9c32-cf9925f0350c,d94654bc-77e4-4029-a9ca-8401ab2a5f52,P003,Home,2,129.99,259.98,PayPal,New York,2026-07-20T16:24:24.045266
23589bc8-4c5a-4541-91f6-69f3f2734cec,a1a08fe3-58b3-4fbd-bce5-168d75d8d5a2,P005,Sports,2,89.99,179.98,Debit Card,Seattle,2026-07-20T16:24:24.045273
57cf562b-508b-4415-8efd-8aa03434f25f,8f07efce-d545-4ff1-b378-1c89160c52fd,P003,Home,2,129.99,259.98,Credit Card,Dallas,2026-07-20T16:24:24.045281
63cf77fa-69f7-482f-b98b-da9e48af00a9,7ec31658-510b-48d8-9e20-0d1ed521ca03,P002,Clothing,1,49.99,49.99,Debit Card,Dallas,2026-07-20T16:24:24.045289
63ea2060-4587-42a2-89cb-df399199e40e,0bec1cd7-946f-4ff5-9d28-de5fc21973a5,P002,Clothing,3,49.99,149.97,Credit Card,Boston,2026-07-20T16:24:24.045297
cf1ab2b5-269e-46fd-86bb-87bdac954677,726870d2-eb3b-4a1b-8509-630f416d3e41,P002,Clothing,5,49.99,249.95,PayPal,Boston,2026-07-20T16:24:24.045304
49ba298d-29be-424f-977e-c05c786aed12,7ace1ca7-8e4a-457f-81a7-c1c37df5cb04,P005,Sports,2,89.99,179.98,Debit Card,Seattle,2026-07-20T16:24:24.045312
91cb0e73-7e3a-4bfc-b29f-45ba89c1d72e,b2e8af5c-a3aa-4f62-ab95-ea1eb2d7b602,P001,Electronics,5,799.99,3999.95,Cash,Seattle,2026-07-20T16:24:24.045320
d9379edd-7c6c-4044-ae0f-27c7dd363096,04a42b6d-0fa5-4269-be4c-c51a73e1a6a1,P003,Home,3,129.99,389.97,Debit Card,Dallas,2026-07-20T16:24:24.045328
b75ea34f-555a-4c04-b9ed-ea6a2f843f43,b1aaf0b4-c0ba-467b-b0cb-fad29b0a8419,P004,Books,1,19.99,19.99,PayPal,Seattle,2026-07-20T16:24:24.045335
3d6524bc-673d-4115-8d55-61a561c7398d,7ff08fa0-fc75-4e52-9142-6bf0e34eaa58,P004,Books,2,19.99,39.98,PayPal,Dallas,2026-07-20T16:24:24.045344
8da53da6-1abb-4432-96f9-eb8a2d086b43,0e84ce1c-5c1b-4dee-bc24-66c91d79cf36,P003,Home,5,129.99,649.95,PayPal,Dallas,2026-07-20T16:24:24.045352
854ca8c1-ed06-425a-a4be-52428019fcc6,41bde3d7-68b6-4798-aeaa-767de9d2313d,P001,Electronics,3,799.99,2399.97,Credit Card,Chicago,2026-07-20T16:24:24.045360
43513920-32dc-4655-aaf3-2c1b2f52970a,5649482b-2071-45aa-b751-86fef978a54c,P002,Clothing,1,49.99,49.99,Debit Card,Boston,2026-07-20T16:24:24.045368
05788954-16ee-41d7-b704-a1ccff3c87a7,53ccd81f-d832-4583-8c04-57061ccb2eb8,P002,Clothing,5,49.99,249.95,Debit Card,Chicago,2026-07-20T16:24:24.045376
abf5efa1-a228-4619-83a5-ea4a8665d1e6,299610b9-9f21-4597-ba5d-5131335c9a33,P005,Sports,4,89.99,359.96,Credit Card,Seattle,2026-07-20T16:24:24.045384
c5f0c623-f322-4d01-ac24-f182e3ad4341,955966a5-ac20-4575-9b2c-b62e5e4238b9,P004,Books,2,19.99,39.98,Cash,Dallas,2026-07-20T16:24:24.045391
ffc31148-929e-46cf-967b-6785ab3401f7,9f3e4d1f-3cd3-4676-9379-83b55460c8e4,P001,Electronics,4,799.99,3199.96,Debit Card,Boston,2026-07-20T16:24:24.045399
180bbc6b-f0aa-4b00-ae16-a114591ede79,9573e30f-83ef-467a-8628-101a80c3976d,P004,Books,2,19.99,39.98,Debit Card,Dallas,2026-07-20T16:24:24.045407
60d40113-15ff-416f-b1d6-473664ef34ff,fdc03f54-a04d-496d-ba3d-6199ee285d6a,P003,Home,4,129.99,519.96,Debit Card,Seattle,2026-07-20T16:24:24.045415
3fead59a-b314-4b78-b7b4-3bad0e6862f3,5a375a9b-26c2-4a46-b276-666fa018f31e,P001,Electronics,4,799.99,3199.96,Debit Card,Boston,2026-07-20T16:24:24.045423
e01c7cdf-2e85-4d1b-973b-51f43967104e,4b0e162b-89c7-41bc-bb7a-75b1504b4f38,P002,Clothing,2,49.99,99.98,PayPal,Dallas,2026-07-20T16:24:24.045430
c9f67356-4c5b-48a8-b0ef-44432c737966,674e467e-ad8e-4bc3-93ae-81483391cb6b,P005,Sports,1,89.99,89.99,PayPal,Boston,2026-07-20T16:24:24.045438
30d553a8-7ce1-477d-a732-90e9f947bc41,55108758-fd77-4b8b-b63b-c098812c5c6d,P001,Electronics,4,799.99,3199.96,Cash,Dallas,2026-07-20T16:24:24.045446
1e3c4e40-37c9-4931-8529-1319b0c60b5d,ef8d6050-aa6d-4a3a-9fad-7d3f28baee76,P001,Electronics,3,799.99,2399.97,PayPal,New York,2026-07-20T16:24:24.045454
30972a90-7e43-4c0e-98fa-907ab193e823,ce719907-7c7f-4678-baa0-8a752531a5ae,P001,Electronics,5,799.99,3999.95,Debit Card,New York,2026-07-20T16:24:24.045461
5771f6c4-1e01-45ea-a17e-4178399920d7,70832b08-a8a7-449e-837e-f425c1ad1994,P003,Home,4,129.99,519.96,Credit Card,New York,2026-07-20T16:24:24.045469
74a10bc6-cc0d-46d7-adfd-1d0412c40fe3,94cec68b-d515-41ac-8091-d65d10aee3fb,P003,Home,4,129.99,519.96,Cash,Dallas,2026-07-20T16:24:24.045478
37d2c442-6a64-489d-8789-71e9709755bf,f68bddb9-b1fa-4ae3-b276-9060aa187523,P004,Books,1,19.99,19.99,Cash,New York,2026-07-20T16:24:24.045485
c30e40a0-5474-4b54-a751-734dc21c82b1,10b036d5-68f6-4fa3-8b1e-d05daaad3545,P002,Clothing,2,49.99,99.98,Credit Card,New York,2026-07-20T16:24:24.045493
7a9734ae-74cb-44f6-8f49-06d363c120a5,3c753f71-cf46-496f-8947-ba66d4bda9a0,P004,Books,2,19.99,39.98,Cash,Seattle,2026-07-20T16:24:24.045501
3b6c8e65-81a6-448a-9ed2-8181c787fe41,f916c635-eab3-4f61-8ed0-def3675568fc,P004,Books,1,19.99,19.99,Credit Card,Dallas,2026-07-20T16:24:24.045509
85880e75-0d67-425e-9c4d-e6688d149db3,69332cf5-855a-46ed-af00-25867b7c4ccd,P004,Books,2,19.99,39.98,Debit Card,Boston,2026-07-20T16:24:24.045518
4045f36f-772d-45cc-81c7-9c8d6a69e294,a7a55196-ebe5-4187-acbc-f051f568de59,P003,Home,3,129.99,389.97,Debit Card,Chicago,2026-07-20T16:24:24.045526
528b3747-4add-461a-8c80-168190f9feaf,7ebceef9-0a3e-440b-9133-91e83ae34d17,P005,Sports,4,89.99,359.96,Debit Card,Seattle,2026-07-20T16:24:24.045534
b5a0c009-b90e-4431-b3fa-7065567e598b,ee5dbc80-4441-4bfd-900b-30a9bbf50977,P002,Clothing,5,49.99,249.95,Credit Card,Boston,2026-07-20T16:24:24.045541
424df51a-6713-4231-8359-2a625d8c7cc6,4885fbb2-a7c6-4dc1-b839-fbdf2d9604c6,P001,Electronics,1,799.99,799.99,Cash,New York,2026-07-20T16:24:24.045549
b9929ccf-244e-4910-b188-69522c635fa2,120d7414-47c7-433e-83fe-33255921f884,P005,Sports,1,89.99,89.99,PayPal,Seattle,2026-07-20T16:24:24.045557
e77a0871-fdd8-49ec-b8a4-d23e880ef1b9,d6550674-cd55-4b9b-9211-8d0889da2934,P001,Electronics,4,799.99,3199.96,Credit Card,Chicago,2026-07-20T16:24:24.045565
442c3d09-5140-4af1-8d62-10bbabf297bd,ca009702-ecfc-4140-883b-3d7e56ab1e10,P002,Clothing,1,49.99,49.99,PayPal,Boston,2026-07-20T16:24:24.045573
3cc3d6b7-b726-4d99-9f8e-185ffbd8ec50,9cd90b22-0f72-484f-b2ee-be41f6916692,P003,Home,2,129.99,259.98,Credit Card,Seattle,2026-07-20T16:24:24.045581
9cd7e852-c809-4a82-9165-ba7194a47106,49616ca8-2c14-4b3c-8494-2a207a0ac9dd,P001,Electronics,4,799.99,3199.96,Debit Card,Chicago,2026-07-20T16:24:24.045589
98b650a0-1c7f-4666-b6fc-67eb854bb393,a3d608af-cde4-4301-9542-b49894cf0691,P003,Home,4,129.99,519.96,PayPal,New York,2026-07-20T16:24:24.045597
94bf4357-10fa-4d10-b6ad-87d0a9c320ee,d3bb5fa5-f37c-421a-a2d9-3665d78c2136,P002,Clothing,4,49.99,199.96,PayPal,New York,2026-07-20T16:24:24.045605
c16fcc86-57bc-48bf-8fd3-245a49833a43,2db023d7-094b-4a7a-b4a1-f87855944417,P001,Electronics,4,799.99,3199.96,Credit Card,Seattle,2026-07-20T16:24:24.045613
1f545440-d18e-431f-b83a-817f3e52a31c,f1b308ab-3a1e-4f6f-ac0b-28511a46d009,P002,Clothing,1,49.99,49.99,Credit Card,Dallas,2026-07-20T16:24:24.045620
09e87db8-fe82-462c-9bd8-aeb3db5b46c2,bd1b8142-a2a1-43e1-a365-339869a1cf9f,P003,Home,4,129.99,519.96,PayPal,New York,2026-07-20T16:24:24.045628
4e38d47f-ad08-457b-9a0c-81253beaa49a,5b6f0418-5aba-40d3-afde-ab49cef2da4e,P001,Electronics,4,799.99,3199.96,PayPal,Boston,2026-07-20T16:24:24.045636
2f36585a-6604-4af8-afa8-1630aa5d2dbb,39e42d2e-792f-4a10-a1d3-fe582929f3bc,P004,Books,4,19.99,79.96,PayPal,Chicago,2026-07-20T16:24:24.045644
49c17cfb-07d2-4432-8f87-a84c30104235,a1e750b0-ffeb-4f8d-975e-219c00af572b,P005,Sports,3,89.99,269.97,Credit Card,Boston,2026-07-20T16:24:24.045652
3312dc2c-8240-4b31-8fef-b3eb0bf0a1b6,15b23eff-62c0-422c-bdb1-e0f31fb456e3,P005,Sports,1,89.99,89.99,Credit Card,Chicago,2026-07-20T16:24:24.045660
fc716294-7cfd-40ce-a4f2-366c110751c3,35107e4a-21a9-4a77-946c-8a7473509551,P002,Clothing,4,49.99,199.96,Cash,Boston,2026-07-20T16:24:24.045668
fafb2f14-c023-414c-a99a-15c7851052ae,2ccddb76-270a-4627-89c4-0fefe2d5cc79,P002,Clothing,3,49.99,149.97,Cash,Chicago,2026-07-20T16:24:24.045676
01573779-b171-4d91-ab05-141b2422df5b,823af325-37d1-4dfb-8b3a-1737821fd543,P003,Home,5,129.99,649.95,Debit Card,Boston,2026-07-20T16:24:24.045685
e9a7e230-4036-407b-affc-18724ce84afb,60fa189c-4e01-4209-b5f3-dd721ed2541a,P002,Clothing,5,49.99,249.95,Credit Card,New York,2026-07-20T16:24:24.045692
5373a2a7-3afd-4045-ad7d-dfedaf3c8203,f8d4610a-50fb-4774-8ddf-fe7932d77a36,P004,Books,3,19.99,59.97,PayPal,Boston,2026-07-20T16:24:24.045700
f17344ca-9b9e-4ff7-b158-c12fd3406dd9,349bf717-e90a-4ef1-9260-c9bd73951c5f,P004,Books,1,19.99,19.99,Debit Card,Chicago,2026-07-20T16:24:24.045708
8e277a20-3d77-41b1-9163-754a8d043596,e0f98f82-2a4b-4e1a-b2c9-e7c94a3d4608,P004,Books,5,19.99,99.95,Credit Card,Dallas,2026-07-20T16:24:24.045716
04529b4a-7ac4-4bc2-9329-2f03bca55487,bbb532d5-752d-43da-a898-b770ab0cc151,P005,Sports,5,89.99,449.95,Cash,New York,2026-07-20T16:24:24.045724
03363339-bf41-43a1-8a74-bdea96336253,321427e4-8a3c-40e4-92de-6056c0475b57,P005,Sports,2,89.99,179.98,PayPal,Boston,2026-07-20T16:24:24.045732
fd511c37-50d3-4e41-b1f1-3fc321bb4fb7,fe8c7db7-3b4a-42a0-a6ab-a2f2f8cfaec6,P002,Clothing,1,49.99,49.99,Credit Card,Boston,2026-07-20T16:24:24.045739
8a63f83c-2dc0-48ad-8ec9-e7c5dbfbef4b,0542379e-42ea-4eed-9a8c-89786db96c55,P004,Books,2,19.99,39.98,PayPal,Boston,2026-07-20T16:24:24.045747
38097acd-64be-49a4-9af5-fe635612724d,e6d4519c-68a1-41dc-ae36-d6d5e6b24f47,P001,Electronics,5,799.99,3999.95,Cash,New York,2026-07-20T16:24:24.045755
1629f5c5-42ba-4fe9-a963-bde7c62ae5a0,78ea4d50-5e7a-4cdc-a67a-49792d128591,P005,Sports,4,89.99,359.96,Debit Card,Dallas,2026-07-20T16:24:24.045763
e3ec0c5f-7743-442b-92e4-76869c8a0930,91099afe-cd67-4d02-9a94-4a8ef62cb0c1,P001,Electronics,2,799.99,1599.98,Debit Card,Boston,2026-07-20T16:24:24.045771
b9511238-93b0-4c70-ae6b-1c41f1531df8,6dd22681-4d5f-4e55-886d-0ba09a36f524,P005,Sports,1,89.99,89.99,Cash,Seattle,2026-07-20T16:24:24.045779
c1c53761-068f-4c5d-92ca-5434d9a10066,2af226f9-341c-4f3a-8c92-a11e3b11347c,P005,Sports,3,89.99,269.97,Debit Card,Dallas,2026-07-20T16:24:24.045786
22ad6724-8a71-4192-ab3a-fb0013d84f74,06debaec-5c8b-4729-a6c5-2d3575c8b42d,P001,Electronics,2,799.99,1599.98,PayPal,Chicago,2026-07-20T16:24:24.045794
aac12a3b-100a-4d00-b2cc-bb6701236dd9,78e30be2-bbf6-4a40-85f9-2c9dce705dfa,P002,Clothing,4,49.99,199.96,Cash,Boston,2026-07-20T16:24:24.045802
6ddfb80c-8827-42ad-abdb-60f4f6c2ccab,1bee40ef-b069-4c66-9937-c51a07cbc86a,P003,Home,1,129.99,129.99,Cash,New York,2026-07-20T16:24:24.045810
5fe7ce3d-1476-4b6c-9aff-9d191e93b513,8078f2aa-09b8-4a3f-81a5-0c42846302d5,P003,Home,3,129.99,389.97,Credit Card,New York,2026-07-20T16:24:24.045818
7b220e9d-cfb4-4f8b-9322-f91e33d713ff,bc9c28c1-403d-46cb-998a-3682f731c5f4,P004,Books,2,19.99,39.98,PayPal,Dallas,2026-07-20T16:24:24.045825
acdb8a7d-a3a6-407f-af56-3b7b0f5c8609,c0d8c253-282c-47dc-b78e-4ee6cd7b463a,P005,Sports,1,89.99,89.99,Credit Card,Dallas,2026-07-20T16:24:24.045833
c3362e6d-51f5-4a28-840c-8b79e7f55f34,8927108c-75cc-4bab-9dca-853155d8a19e,P004,Books,1,19.99,19.99,Debit Card,New York,2026-07-20T16:24:24.045841
0e07951d-d574-4251-a9e3-5af0fe4c52b5,33d71876-1d69-4f46-b48c-76c7dff43550,P001,Electronics,3,799.99,2399.97,Credit Card,Seattle,2026-07-20T16:24:24.045849
86dacb3d-b4c1-41f5-881f-8ebaef91f1b1,fbcc2cf6-599a-43ed-bf2c-ddbbefe48151,P005,Sports,3,89.99,269.97,Debit Card,Dallas,2026-07-20T16:24:24.045858
ce2364a0-8d7d-4b87-a577-6a82d1cbd856,496608be-68e9-4dda-ba0b-302ae37f902e,P001,Electronics,1,799.99,799.99,PayPal,Boston,2026-07-20T16:24:24.045866
e275ad24-7907-4c13-a164-14b3f44475e4,ea991b37-1bdd-4dc0-bafb-397b45c9ec5f,P004,Books,1,19.99,19.99,Credit Card,Chicago,2026-07-20T16:24:24.045874
2fbbf801-6e6a-449d-b783-530197b18fa6,a7aa756a-c67d-425b-8e97-260da357e01a,P001,Electronics,3,799.99,2399.97,Cash,Boston,2026-07-20T16:24:24.045882
f5609b64-784b-4cf2-9bd3-0a23b7543c03,0b6dccae-9a91-4253-a434-4698edb9c7fb,P004,Books,1,19.99,19.99,Credit Card,Seattle,2026-07-20T16:24:24.045890
2f4fa208-f188-4685-8690-2fed9c5fea5c,579f0290-6db0-40b3-9d29-a0f04cd7765d,P001,Electronics,4,799.99,3199.96,Cash,Seattle,2026-07-20T16:24:24.045898
6e04be80-1662-4276-be93-3945f3719a84,01c51340-8b8f-4402-87a9-f2c7b60cb5f2,P001,Electronics,3,799.99,2399.97,Debit Card,New York,2026-07-20T16:24:24.045906
6042ea32-8193-46db-8593-87e1cd29ba96,f8afe5be-2988-4a6e-8fa2-a502798f4391,P004,Books,4,19.99,79.96,Credit Card,New York,2026-07-20T16:24:24.045913
f86e67d4-e613-49df-92b3-0b2bbb24bcf0,0efe6af4-c2d4-42ca-b640-bb4381f711af,P003,Home,2,129.99,259.98,PayPal,New York,2026-07-20T16:24:24.045921
b948e987-9751-42c2-a830-476e5fc7deef,fc468b41-83ad-4598-b1a4-0b2996f3c961,P004,Books,3,19.99,59.97,Cash,Seattle,2026-07-20T16:24:24.045929
ecb49c6c-ddd2-4ed2-a7e3-d66f51b3d256,c238aef3-3990-4ba2-bff2-d4318aa9247a,P003,Home,1,129.99,129.99,Debit Card,Seattle,2026-07-20T16:24:24.045937
b573e4ef-7c62-4e66-976a-fd06512788a9,1419f6b5-c81e-416a-94dc-8cc2a41ab48d,P003,Home,3,129.99,389.97,Cash,Boston,2026-07-20T16:24:24.045944
03bd99e4-feda-4f3a-9be8-eb6842eca781,667c64f7-8f2b-496d-a6b0-39bcc92fbce3,P004,Books,1,19.99,19.99,PayPal,Chicago,2026-07-20T16:24:24.045952
5695b209-c273-4419-bd8d-58599df8c3e9,cf217b70-9983-4d8d-97cc-0582a7338672,P003,Home,3,129.99,389.97,Debit Card,Seattle,2026-07-20T16:24:24.045960
724671c2-250e-4ba1-a4d3-0a10426a82c0,9ed955fd-8642-445e-8a10-b62774aa1e42,P003,Home,5,129.99,649.95,Debit Card,Dallas,2026-07-20T16:24:24.045968
20dbff04-eec0-47c9-bf12-4cdb7498477c,9b0cdad6-97cf-469b-ab71-e50687603e2a,P004,Books,4,19.99,79.96,Debit Card,Chicago,2026-07-20T16:24:24.045975
e6137e47-eb39-405a-97a8-9243d1699af6,f402c1d3-bc4b-4333-b218-bf364d1af3f8,P004,Books,5,19.99,99.95,PayPal,New York,2026-07-20T16:24:24.045983
ca2891d3-da5b-4af5-bd0b-d6e6940c6a75,64e4fd6c-a344-475c-9b31-5cc66b0565e9,P003,Home,2,129.99,259.98,Credit Card,New York,2026-07-20T16:24:24.045991
f8b136b3-bf6c-4bae-b10d-e6959dfa9269,2e7a440f-4c28-452e-bb54-8ab93cc5d9f0,P001,Electronics,3,799.99,2399.97,Cash,Boston,2026-07-20T16:24:24.045999
0d28a212-4ad2-47ab-84e1-1f4c0adfc112,6e0a7498-497e-4010-a2fb-bb6890a03cf0,P003,Home,4,129.99,519.96,PayPal,Dallas,2026-07-20T16:24:24.046006
4f8a5a5b-29bb-4cb9-95e5-74c34c512518,c507cc31-96ae-484f-90c3-7144c8e44ca5,P005,Sports,3,89.99,269.97,Credit Card,Seattle,2026-07-20T16:24:24.046014
1af4d4d6-9e06-4828-90eb-b3afe04127e5,a10fdd7b-3422-4990-8e05-22aa1ef417c8,P002,Clothing,1,49.99,49.99,Cash,Seattle,2026-07-20T16:24:24.046022
36221e74-2f4c-4701-9559-e7356470ef74,57f13660-cdd4-4805-8bc4-65a88edcf7a9,P004,Books,5,19.99,99.95,Credit Card,Chicago,2026-07-20T16:24:24.046030
70a82991-502d-4355-a8aa-781291b0b2f4,9fa695b6-2ad3-499a-a29a-029569b021e5,P005,Sports,2,89.99,179.98,Cash,Seattle,2026-07-20T16:24:24.046037
dfd0eee5-bd97-4b7d-bc7e-aa8a4e01f542,a6a99dad-0eaa-4f50-8f4d-45659bc6a6d2,P005,Sports,1,89.99,89.99,Cash,Boston,2026-07-20T16:24:24.046045
28fdf35e-66e6-491c-9206-b9201b4d1f89,d1b57ece-55d6-4bb4-aab0-d25fc23fd318,P003,Home,4,129.99,519.96,Cash,Chicago,2026-07-20T16:24:24.046058
050711ed-298d-4075-98db-2098a623aa52,4857110e-f264-439f-b7d1-407674217448,P002,Clothing,2,49.99,99.98,PayPal,Dallas,2026-07-20T16:24:24.046065
a63b7203-e48b-4057-9f41-613b51e1ed97,96e2d33e-215d-474d-9233-27ab3110e6e1,P004,Books,3,19.99,59.97,Credit Card,Dallas,2026-07-20T16:24:24.046074
f982019e-7c3f-4777-87c8-58150a50728f,4150d5bc-9c19-46d8-a41e-2e384f2ca0b2,P004,Books,5,19.99,99.95,Cash,New York,2026-07-20T16:24:24.046082
d5556294-8812-4e89-ba3b-dd4dc1442d7e,cfa15c17-b964-41f5-b579-045aa0d8d7b1,P003,Home,3,129.99,389.97,PayPal,Boston,2026-07-20T16:24:24.046089
a5a3710a-d82d-41d5-b1c7-dbe3f82fee01,e182169d-8323-420a-b3a7-4b79d5136fb3,P005,Sports,1,89.99,89.99,Debit Card,Seattle,2026-07-20T16:24:24.046097
54bd3b14-5fe9-4643-b92d-cdea26e7f241,e6ed112e-4060-4a42-9b4a-a17c9267e3d2,P003,Home,1,129.99,129.99,Credit Card,Boston,2026-07-20T16:24:24.046105
ee4b6c0b-6311-433c-89bf-c7bbe37826db,9ece3a7a-3790-4e0f-8df5-1b54c866ed0e,P003,Home,3,129.99,389.97,PayPal,Seattle,2026-07-20T16:24:24.046113
9d88dd5e-1362-4162-8fd7-149171fa7ff1,fe016df9-6245-4346-a3bd-f0bfd6b97e15,P004,Books,5,19.99,99.95,Credit Card,Dallas,2026-07-20T16:24:24.046120
96d43cfb-cdad-451e-82f6-1f58ff64f9bd,ccdedec0-aab7-4774-bdba-83d1f3599b34,P005,Sports,1,89.99,89.99,Cash,Dallas,2026-07-20T16:24:24.046128
321e0d72-b202-453f-a5a0-71370de4936f,407a9d46-c22e-4051-88c6-3a1baa5da731,P002,Clothing,5,49.99,249.95,Cash,Boston,2026-07-20T16:24:24.046136
35b2035c-4a11-43d1-9c58-9401db8090fa,0f3c7770-4c06-41fb-8f15-93bd1306143b,P004,Books,3,19.99,59.97,Credit Card,New York,2026-07-20T16:24:24.046144
e181b165-225a-4449-8974-291a8b1a44cd,291b7f57-0185-4850-bdff-eaf746beaac4,P002,Clothing,4,49.99,199.96,Debit Card,Chicago,2026-07-20T16:24:24.046152
a592d25b-30fa-47f8-ab8b-cac659ff2800,6bfdafb0-d2dc-426c-8a04-36a737a8b1e5,P002,Clothing,1,49.99,49.99,PayPal,Seattle,2026-07-20T16:24:24.046159
e7a2710d-a0e4-4501-b208-e8035514905d,7dfd40a5-0d6f-494b-b2f5-c99922c8fb1e,P002,Clothing,5,49.99,249.95,Debit Card,Dallas,2026-07-20T16:24:24.046167
f679aed4-7914-4846-8488-1cf1c4ff7e00,eb1d1b1a-4c26-4f27-b2fe-aeb3b83be897,P002,Clothing,1,49.99,49.99,Credit Card,Dallas,2026-07-20T16:24:24.046175
044a598d-9ff5-4498-97fe-30fa58cf93a5,c8a1c369-82be-45ca-87c3-c27a780deae1,P004,Books,1,19.99,19.99,PayPal,Dallas,2026-07-20T16:24:24.046182
6dea1f1e-bf73-439f-8985-26218db5371f,3cca8bfd-b791-4568-aa4e-40aa6e6bca08,P005,Sports,3,89.99,269.97,Credit Card,Seattle,2026-07-20T16:24:24.046190
d4406194-bb29-4809-838c-862a0b1a1b90,33e51f5a-eb4a-427b-b1d5-1e587308e9f2,P002,Clothing,5,49.99,249.95,PayPal,Chicago,2026-07-20T16:24:24.046231
1bacd4c8-c6ab-4133-a2a2-fd15b4ee8590,c3366082-b9d6-457e-b45f-bdee6bb19521,P005,Sports,2,89.99,179.98,Credit Card,Boston,2026-07-20T16:24:24.046239
972f1fbf-ea7c-4ce9-88cd-1de6de4555b2,4038dfe0-1391-49b1-9aab-b7db02947093,P004,Books,5,19.99,99.95,Cash,Boston,2026-07-20T16:24:24.046247
643ae2d4-202b-41f4-97c0-7d07b495e4b9,b022ac8d-9603-43fe-afc7-f2b80fe33bca,P005,Sports,1,89.99,89.99,Credit Card,New York,2026-07-20T16:24:24.046255
604b4854-a130-49a1-9f8b-b052eff45dd9,72f25494-c1bc-41de-a93c-d06238e62579,P001,Electronics,4,799.99,3199.96,Debit Card,Chicago,2026-07-20T16:24:24.046263
fbceaf03-a582-47f6-b054-fc32f3b5e90d,432bf485-b5c8-4c67-9cc7-70df0ee0e9da,P005,Sports,2,89.99,179.98,PayPal,Seattle,2026-07-20T16:24:24.046270
1730f369-f899-416a-9db6-72a68d2af904,6f2c2d4a-be05-4281-ae80-84048c2f0d41,P001,Electronics,5,799.99,3999.95,Debit Card,Chicago,2026-07-20T16:24:24.046278
f890ee61-2534-44de-a875-f9e212350201,a1c0c966-be1f-49a2-ae12-7f18c153adf4,P001,Electronics,3,799.99,2399.97,Cash,Seattle,2026-07-20T16:24:24.046286
50f29810-108f-44e7-83c1-659752c35a41,e18418fe-630c-4427-9ec6-6dd01356d061,P005,Sports,3,89.99,269.97,Credit Card,Chicago,2026-07-20T16:24:24.046294
ec810661-eacc-48a5-83d3-dac0fef47c68,2bfed490-0a66-40db-8b1a-92c64722ec28,P002,Clothing,2,49.99,99.98,Cash,Boston,2026-07-20T16:24:24.046304
7640f4a3-b9dd-499b-ab2d-4839654d105d,bfaf638e-0a2e-492d-929d-992ae76b0b9a,P003,Home,5,129.99,649.95,PayPal,Seattle,2026-07-20T16:24:24.046311
158e9677-7869-48e2-ba2e-a05bac4797a5,11ec6c16-e634-44a7-9efd-005c43034ff2,P003,Home,1,129.99,129.99,Debit Card,Dallas,2026-07-20T16:24:24.046319
12987f7f-9d9c-4b66-acd2-c1b317a4ec83,a17fa144-1dbe-4475-882e-2e4cd9fe32ae,P003,Home,1,129.99,129.99,PayPal,New York,2026-07-20T16:24:24.046327
3d5dd9c9-6c7d-43d2-8601-f658a3584e38,61480548-4959-4d68-8d51-26db142ef23f,P003,Home,2,129.99,259.98,Debit Card,Seattle,2026-07-20T16:24:24.046335
2a7984e2-eb9c-4a4b-b679-d0ebd9b7843c,6dd3c9d5-81df-4e54-a820-2f1ef3437195,P002,Clothing,2,49.99,99.98,PayPal,Seattle,2026-07-20T16:24:24.046342
69a1ebaf-5ab4-43db-a609-a44175456ec0,b1395223-44e4-4e2b-80cf-e4e1d5e3b985,P001,Electronics,1,799.99,799.99,Credit Card,Seattle,2026-07-20T16:24:24.046350
60d34646-5a82-4668-8c41-a62c3cc4dd83,5c46605c-4826-4738-b3ff-034f7a32d481,P003,Home,2,129.99,259.98,Cash,Boston,2026-07-20T16:24:24.046359
6647b2e0-e4a1-421a-9b75-63d65fcb3c78,aaaf27c0-f664-4f52-a20c-38c2beb92507,P002,Clothing,2,49.99,99.98,PayPal,Boston,2026-07-20T16:24:24.046366
0011504e-5a12-45e4-b0bf-d6009b54e4b1,1b744f49-09dc-4796-a9e8-bd4351876807,P003,Home,4,129.99,519.96,Debit Card,Dallas,2026-07-20T16:24:24.046374
f828a1a3-3d0e-4a67-ab76-7f025d52efc4,be2c032b-08eb-40f1-afbe-efb8d82c90b2,P001,Electronics,1,799.99,799.99,Cash,Seattle,2026-07-20T16:24:24.046382
3c3f4018-3d10-4ac0-9af7-cc320206e5ce,23ea31fe-b660-4e6e-b7ad-736be82a8818,P001,Electronics,2,799.99,1599.98,Debit Card,Chicago,2026-07-20T16:24:24.046390
b7422aea-10b4-42d1-afe8-7f7a5e66d410,013e9f89-4226-4b6c-b23d-b09c7aa61cdc,P004,Books,3,19.99,59.97,Debit Card,Boston,2026-07-20T16:24:24.046398
0ee887c8-3e0b-4442-9ccd-9c649ea80835,06fe8dd3-c716-45a5-b27d-a77eb1759568,P001,Electronics,2,799.99,1599.98,Credit Card,Chicago,2026-07-20T16:24:24.046405
380162fb-cf9e-4dae-92fd-95e7824aad1f,16a548f8-5bff-47a8-af5d-180aace2dda3,P001,Electronics,2,799.99,1599.98,Debit Card,Seattle,2026-07-20T16:24:24.046413
2e953df4-ea10-42b1-8b52-eed5173ed771,27240f5a-2c41-4c35-b517-fb34c7a41bc9,P001,Electronics,5,799.99,3999.95,Credit Card,Dallas,2026-07-20T16:24:24.046421
030d61f0-2bab-4077-a807-67ecfcfb8a2a,6200392f-3129-48cd-9af5-23e3845d6a67,P002,Clothing,2,49.99,99.98,Cash,Boston,2026-07-20T16:24:24.046429
0fd539c1-24f9-4cf0-9135-e06e296c7545,aab4f095-82d8-4dd4-8ce8-d62f6d6ca3d4,P003,Home,3,129.99,389.97,Debit Card,Chicago,2026-07-20T16:24:24.046436
81b6fdda-a93f-49ff-931f-01e06c9a21dc,f33cac4e-c237-41bd-a3f8-155036fc0d96,P001,Electronics,3,799.99,2399.97,PayPal,Seattle,2026-07-20T16:24:24.046444
561e6494-1ac3-4cfa-8b71-d9a4f155bbd6,c7fcb39e-317c-4f42-8438-0bf8dbaf8e0f,P003,Home,2,129.99,259.98,Debit Card,Chicago,2026-07-20T16:24:24.046452
c6da27d7-aebe-4a64-82e2-36276cc1c81d,fb0bdce0-c937-4abb-8cbe-b4cd5a393a3f,P004,Books,1,19.99,19.99,Credit Card,Seattle,2026-07-20T16:24:24.046459
53e2a2d0-2ac9-4041-901f-bd814f92173e,8e3e7cab-5fd2-4e62-9287-8ff8ec99c036,P005,Sports,2,89.99,179.98,Debit Card,Chicago,2026-07-20T16:24:24.046467
771c9d4d-44db-45e3-993f-0b3ff95cf574,e8e71fb1-0993-48d4-827a-06932cd0fccc,P002,Clothing,5,49.99,249.95,Debit Card,Seattle,2026-07-20T16:24:24.046475
ec3a4761-0c59-4a35-ab2a-230f87387a50,9f086320-b5a4-438b-b5b9-076f89fb9de7,P003,Home,3,129.99,389.97,PayPal,Dallas,2026-07-20T16:24:24.046483
dfab9b4a-a305-4c1c-bd34-ab3549c4ef49,de4a86e0-76e4-465d-be16-ba5c866488b3,P003,Home,2,129.99,259.98,PayPal,Seattle,2026-07-20T16:24:24.046491
a1b60b42-a13f-4a92-ab8d-2faad370536c,b388fc92-c3d9-447c-abb7-22e0f584b2a7,P002,Clothing,4,49.99,199.96,Cash,New York,2026-07-20T16:24:24.046499
8f9dc475-f65f-4ff7-9099-d7275b96e4c8,46235117-6a7e-4d8e-8d17-8a9e12c32942,P003,Home,1,129.99,129.99,Credit Card,New York,2026-07-20T16:24:24.046509
c5c1cb38-99f5-44b5-8ac3-09428ce3b06a,36f1d584-b1ae-465b-b6f8-94065b054b03,P002,Clothing,5,49.99,249.95,PayPal,Boston,2026-07-20T16:24:24.046516
c510fa91-4c55-4abd-b8ee-ec5a74b49a6b,9b682d7c-dd82-4046-970e-05488c325380,P001,Electronics,4,799.99,3199.96,Credit Card,Chicago,2026-07-20T16:24:24.046524
2671a7c3-4de3-46c8-83f8-450e25c93954,db4b5166-2224-41f1-a7f1-6aa714c9d534,P001,Electronics,5,799.99,3999.95,Cash,Dallas,2026-07-20T16:24:24.046532
b1af34f0-05de-4d0a-bad0-c5a954da9f07,877a3ea1-7c25-46af-b49e-46272c62e778,P002,Clothing,5,49.99,249.95,Cash,New York,2026-07-20T16:24:24.046539
a7885ce0-4c78-4589-8ec8-54e89e4aef1a,ade24eb8-1a3f-4253-b053-3b0b16387de7,P004,Books,1,19.99,19.99,Debit Card,Seattle,2026-07-20T16:24:24.046548
6c2a6637-4cd5-49fa-a98f-d4082ca5cb94,60ffb75e-7dae-4050-9b2e-931c42541379,P005,Sports,3,89.99,269.97,Cash,New York,2026-07-20T16:24:24.046555
a01515d6-a75b-47fe-a5a8-c95a181c9c3f,19206a42-93a5-4717-bb5a-aeb63fa5191c,P003,Home,2,129.99,259.98,Cash,New York,2026-07-20T16:24:24.046563
ce6cc6f6-4511-45fb-a5a0-d7d4426c3609,25cd85f8-b087-45fa-8244-4217de6b4bb1,P004,Books,3,19.99,59.97,Credit Card,Dallas,2026-07-20T16:24:24.046571
edc05056-72be-437f-9bd8-d6f0e6ba1fb3,0dcb04a2-b7ff-4241-a108-bdff4d2b11c6,P003,Home,2,129.99,259.98,Debit Card,Dallas,2026-07-20T16:24:24.046579
b09eb8c1-e580-46ee-a11d-afd16da5edce,9f3fc4fd-d7c0-4516-8082-9cf782d47ba6,P001,Electronics,3,799.99,2399.97,Cash,Dallas,2026-07-20T16:24:24.046586
aa274089-963f-4c6d-aee6-e5dbe93fa54d,caf03caa-e200-4422-b5cd-83114dc15e5d,P005,Sports,3,89.99,269.97,Cash,Seattle,2026-07-20T16:24:24.046594
795769b9-2b0a-4b2b-ab2e-c65dc4af0642,3ca93404-6c13-4292-b81a-f6f20b5821f6,P003,Home,1,129.99,129.99,Credit Card,Boston,2026-07-20T16:24:24.046602
df5eeff6-1f3e-40e8-b765-98477de373d8,e8d34ba6-509c-41b7-aefc-3f01b02e3a2d,P001,Electronics,5,799.99,3999.95,Credit Card,New York,2026-07-20T16:24:24.046610
fe9c8282-c0e9-447b-92ff-a0d1adb73549,25e2b92f-5cb8-44a1-ac81-068eb6fe7175,P003,Home,4,129.99,519.96,Cash,Dallas,2026-07-20T16:24:24.046618
f75832aa-1ae0-4259-a842-48e03bb142a2,0964b03b-b971-4a76-b445-c9386b280cd0,P004,Books,2,19.99,39.98,Cash,Dallas,2026-07-20T16:24:24.046626
e9cedb12-20b4-4527-8171-409e4cea1413,69a88769-7201-4b0d-865d-47b4b2354c10,P001,Electronics,4,799.99,3199.96,Credit Card,Chicago,2026-07-20T16:24:24.046634
d694a3f6-8191-4142-90fa-88c99be91c66,b07fadc1-218f-4713-852c-ff974bd8c05a,P001,Electronics,3,799.99,2399.97,Cash,Dallas,2026-07-20T16:24:24.046642
0cad1777-de1e-4ca1-bf25-0dd0ce7cc213,d71759c1-3489-4a96-b115-cff3c92fdc75,P005,Sports,2,89.99,179.98,Cash,Seattle,2026-07-20T16:24:24.046650
cf7cbcef-9f25-4de2-a23f-6f2402f30757,96a517fc-255a-40fb-8811-dc54e861e926,P004,Books,2,19.99,39.98,Credit Card,Chicago,2026-07-20T16:24:24.046657
32127895-c5d7-429d-87e8-1cae354e001c,9bbf5993-c790-41cd-a715-c0811d0f67bc,P001,Electronics,2,799.99,1599.98,Credit Card,Chicago,2026-07-20T16:24:24.046665
d0ac20a4-815d-4fac-a6b9-977d77dc6f7b,faab15a3-3c97-4c03-9349-da178ff1e844,P001,Electronics,4,799.99,3199.96,PayPal,Chicago,2026-07-20T16:24:24.046673
620ba974-30dd-4b63-90a0-f74a648a9d34,f3144fcd-2593-469c-ada6-b3b6c00b2d6d,P001,Electronics,2,799.99,1599.98,Credit Card,Seattle,2026-07-20T16:24:24.046680
fc136c06-138d-4b21-b7f7-49e1998f1b3a,8c63b63b-026d-4616-8642-06e0cb1d4e8e,P002,Clothing,1,49.99,49.99,Debit Card,Seattle,2026-07-20T16:24:24.046688
cdbdefef-cfbd-4c30-855a-39bf7e9a4964,f77aa7eb-0798-4135-8364-30635b42269f,P001,Electronics,3,799.99,2399.97,Debit Card,Seattle,2026-07-20T16:24:24.046696
da35b2bd-cecd-40e1-8708-ca16b7b28ce1,dcb4feb7-f03e-4a1c-a1cb-ab15dfd0c4ac,P003,Home,2,129.99,259.98,Debit Card,New York,2026-07-20T16:24:24.046703
037d2296-823d-41c3-a97d-1a446337cf66,4b019e8e-995f-4271-a6c2-27eadf4193bf,P003,Home,5,129.99,649.95,PayPal,Seattle,2026-07-20T16:24:24.046717
1ac1164d-d8bc-4538-9228-b41b0a9112f8,49edd2c0-6e0c-4b9c-9b49-fa9e7736fa49,P004,Books,1,19.99,19.99,Debit Card,Boston,2026-07-20T16:24:24.046725
42c3a0b7-0799-4296-8726-23975f20a94b,ac75aacb-c25a-479a-9666-20a360dde0bd,P004,Books,2,19.99,39.98,Debit Card,Dallas,2026-07-20T16:24:24.046733
424f3682-8510-4fb9-ac2a-3d29f348f38b,80122611-b409-4f80-9824-2ffeb7610fb9,P003,Home,5,129.99,649.95,Credit Card,New York,2026-07-20T16:24:24.046741
e789a99d-b9cd-4514-958c-d20d51fa1815,4b8a5cd9-156f-4818-8d9e-2db7f33d749b,P005,Sports,5,89.99,449.95,Credit Card,Seattle,2026-07-20T16:24:24.046749
6a627f6d-47b6-4c5f-9516-03431042ec53,4946d666-f7c0-421b-b591-2c6155aec655,P004,Books,4,19.99,79.96,Debit Card,Seattle,2026-07-20T16:24:24.046756
c5056f2b-8ecd-4c24-b17f-0727d5415bf0,8689645e-a4d3-406d-8898-2ecf2f493edb,P004,Books,4,19.99,79.96,Cash,New York,2026-07-20T16:24:24.046764
21e30671-661d-4212-8891-f0b4b5b71ef1,065cd592-6140-4442-b8d7-1689b23e0ffe,P001,Electronics,1,799.99,799.99,PayPal,Dallas,2026-07-20T16:24:24.046772
57a7b663-64bf-4361-9b71-dd3a25b05f7a,105b0be2-f1d5-401f-875e-496b3cbaf143,P005,Sports,2,89.99,179.98,Debit Card,New York,2026-07-20T16:24:24.046779
dab73cde-a68e-43e3-bf22-8137c6c5225f,e79765e1-0a7d-4899-8a9f-e7cdad05fd24,P001,Electronics,3,799.99,2399.97,Cash,New York,2026-07-20T16:24:24.046787
d2eab96d-c518-4945-b758-717e597bbdc0,c1f481de-6d46-480f-997a-30421f9ecf87,P001,Electronics,4,799.99,3199.96,Debit Card,Seattle,2026-07-20T16:24:24.046794
f2a7d007-fbab-41cd-bc1e-436505220019,4bb82ba6-fd1a-4c00-aedd-5baeac50815d,P003,Home,4,129.99,519.96,Cash,New York,2026-07-20T16:24:24.046802
aa929cf4-7abd-47bf-bbd7-440ca44cbd26,640f89f2-de15-4683-a02d-410c24128421,P004,Books,4,19.99,79.96,Cash,Chicago,2026-07-20T16:24:24.046810
fd053def-bcae-4773-a646-e2e9637f3baa,7914a445-5a24-4ea2-8e94-fa3f9c0cb9ea,P002,Clothing,5,49.99,249.95,Debit Card,Boston,2026-07-20T16:24:24.046819
1d672d8c-78ac-488a-8f3b-82e89d4fafde,6703ea58-1d07-435e-8871-921360e3ca6c,P002,Clothing,2,49.99,99.98,PayPal,Seattle,2026-07-20T16:24:24.046827
49c4d763-842e-4c72-a5dc-1f6e2ba37f7f,f589662d-8ab1-4af5-81bd-120ab4a554b8,P004,Books,2,19.99,39.98,Debit Card,Seattle,2026-07-20T16:24:24.046834
e5836f7c-bfed-46bf-817d-4d30df9ac5af,8c26142e-8025-4e05-a5d6-673506a941db,P002,Clothing,4,49.99,199.96,Credit Card,Chicago,2026-07-20T16:24:24.046842
28593bdf-64c0-44d9-80c7-6734223ac283,09027053-165d-495b-bc61-0df48196c18b,P001,Electronics,5,799.99,3999.95,Cash,Chicago,2026-07-20T16:24:24.046850
3a294498-96f5-4845-b1ee-a6a20c68458e,0f750c17-0fff-49a2-b3a7-c19cfe24e8aa,P002,Clothing,5,49.99,249.95,Cash,New York,2026-07-20T16:24:24.046857
80c00207-dcc2-464a-a4f3-40390f1e4aa3,374738db-ef1d-4772-8ba6-9acb28640920,P005,Sports,3,89.99,269.97,Credit Card,Dallas,2026-07-20T16:24:24.046865
57399e82-83d9-4b70-8ae4-48d9e68d11f2,d1c30b39-783b-4df8-8fcc-c2f4411d759f,P002,Clothing,5,49.99,249.95,Credit Card,New York,2026-07-20T16:24:24.046873
547d13e6-0fc6-4d7c-a48f-4c59c3b220d0,b4c3daf3-d621-49f3-a726-695a3c99b4d0,P003,Home,3,129.99,389.97,Credit Card,New York,2026-07-20T16:24:24.046880
9c6a5a1c-fb78-4f83-a202-3ad72c5c366b,2c79bc0c-0084-41ba-93f0-fc238caef61e,P004,Books,4,19.99,79.96,Debit Card,Seattle,2026-07-20T16:24:24.046888
b656bd6c-a06f-4b8e-ba55-285a328ba529,378f6837-9c85-44eb-b15d-7083bec73ab6,P004,Books,5,19.99,99.95,PayPal,Dallas,2026-07-20T16:24:24.046896
7462d975-6a05-4d7c-b510-2b4115a19b75,afea8630-1934-48c4-b313-dceeb70242e9,P002,Clothing,1,49.99,49.99,Credit Card,New York,2026-07-20T16:24:24.046903
a1ba2bfc-0793-4d0b-b97e-b06edebfdac5,dd5e27c7-14a4-4360-81c3-53226f798b63,P002,Clothing,1,49.99,49.99,Debit Card,Boston,2026-07-20T16:24:24.046911
b96beff3-2039-4a76-b7d6-9f3c2fc29105,115b9aa9-097f-415f-acc2-075de1f889c2,P003,Home,5,129.99,649.95,Cash,Chicago,2026-07-20T16:24:24.046919
3acb5451-0009-4030-af36-1b2dee41a592,d5588f4d-a14f-419b-8473-4eabc86a4351,P001,Electronics,3,799.99,2399.97,Credit Card,Seattle,2026-07-20T16:24:24.046927
187d250b-1c57-426f-b36c-e2664c87431a,25076b0d-3ad1-4251-82ea-8f5f9e6bdea5,P005,Sports,4,89.99,359.96,Cash,New York,2026-07-20T16:24:24.046935
a4921286-4f51-4c5c-9cf8-8fdb2b2a49bd,6b95cb88-010d-4853-aa75-aa824d1c3898,P005,Sports,3,89.99,269.97,Credit Card,Boston,2026-07-20T16:24:24.046942
8db28a84-425f-4554-a9f0-70246ee83e70,e84b57b7-d545-4434-9570-6011538e5a52,P002,Clothing,2,49.99,99.98,Debit Card,Seattle,2026-07-20T16:24:24.046950
1cc50db0-8593-4b92-bf06-d0e9f6e9c40a,27013aca-b2ae-44e5-be5e-8002e2809db5,P004,Books,2,19.99,39.98,Credit Card,Chicago,2026-07-20T16:24:24.046958
43f868d0-b937-4cdd-8a2f-085f44f0014d,db133fdc-934b-4bfc-8cb4-cd71f3e41246,P002,Clothing,1,49.99,49.99,PayPal,Boston,2026-07-20T16:24:24.046966
2bd701de-e32e-4e29-852f-469da8b66a02,b4ae56ae-1c8b-4ddc-b1c3-6dcf2d82d970,P001,Electronics,5,799.99,3999.95,Debit Card,New York,2026-07-20T16:24:24.046974
32b3c144-80e4-4bb1-b0a8-0265a4f8dfcc,95a2d841-862a-40e0-b6b1-de90e66c36f4,P004,Books,5,19.99,99.95,Debit Card,Boston,2026-07-20T16:24:24.046981
37a553fc-3389-4ea5-9ff5-2056476c0caa,16c099fa-6331-40e6-aa02-0d67fd2aba28,P004,Books,1,19.99,19.99,PayPal,Seattle,2026-07-20T16:24:24.046989
b5fbc0f8-2684-4cff-a6d1-cda625fb2020,892921d5-16fa-4d8e-a1e6-30195213cce2,P002,Clothing,3,49.99,149.97,PayPal,Boston,2026-07-20T16:24:24.046997
761f146e-60b8-4571-b874-b816f6b09d57,4aa20649-4aa4-49c2-bfed-ba799e4af6a0,P005,Sports,5,89.99,449.95,Credit Card,Boston,2026-07-20T16:24:24.047005
ebbb759d-7106-486f-9adb-96ecfa5f0459,6cc244ae-dc70-41f1-85a0-453493cd4af7,P002,Clothing,2,49.99,99.98,PayPal,Boston,2026-07-20T16:24:24.047012
2c831949-6e6c-45c0-9278-2e43f9386e4b,7aba9b41-273a-4c58-abd0-d3d5527ea9fc,P003,Home,1,129.99,129.99,PayPal,Chicago,2026-07-20T16:24:24.047020
5ae9d19f-ccf5-46d4-81bb-343fa23e5fc4,683f8270-60f9-4b92-af00-815f7e535ed3,P004,Books,1,19.99,19.99,Credit Card,Chicago,2026-07-20T16:24:24.047028
e6d5cfdc-fc45-4b71-98d3-0878dfdbe518,244a65ab-8ba4-4385-9c1a-2144128296a2,P002,Clothing,4,49.99,199.96,Debit Card,Dallas,2026-07-20T16:24:24.047035
293a664e-d6c2-483e-98b0-294da515d950,88eeb047-1bb6-4b41-b84d-7cb01a9d50d8,P003,Home,4,129.99,519.96,Debit Card,New York,2026-07-20T16:24:24.047044
1dbd4bed-d99a-4838-bb8b-116109026d96,c422d308-c6dc-48b2-88b7-aaacbbb78b84,P003,Home,3,129.99,389.97,Debit Card,Dallas,2026-07-20T16:24:24.047052
fe3dd25a-be75-4cff-9067-e52eac9289ed,129576dc-26d5-4403-85b6-5971daa7a955,P001,Electronics,3,799.99,2399.97,Debit Card,Boston,2026-07-20T16:24:24.047059
753cbd1d-c1ea-4177-b8ad-439967de29e1,e2d47b2a-7067-4223-a941-eb88ad1fe0d8,P003,Home,2,129.99,259.98,Credit Card,Seattle,2026-07-20T16:24:24.047067
52428802-25ed-4c17-ac8d-4748788348d7,2b327fbe-bf99-4ec7-8ed7-47e8b1aca960,P004,Books,4,19.99,79.96,Cash,Seattle,2026-07-20T16:24:24.047075
d0bdb122-89d7-478a-b6aa-a923d008c189,10e9f3c3-bd91-463d-b1cb-a39767d5c903,P001,Electronics,5,799.99,3999.95,Credit Card,Seattle,2026-07-20T16:24:24.047083
2cbc4f22-5eef-43d6-8cd3-18ef16eb18ea,b79cf522-2dd7-4591-a637-69d6cbce1116,P003,Home,1,129.99,129.99,PayPal,Seattle,2026-07-20T16:24:24.047091
62f38b6a-54b7-455f-b89b-6f9b43965592,0595b02f-3152-4022-aa4f-8b45a3cc5ece,P003,Home,1,129.99,129.99,PayPal,Seattle,2026-07-20T16:24:24.047099
81d5906d-b199-410b-8de5-f055389f2a8e,ca438f30-c19f-4a10-8998-34a79c0498b0,P001,Electronics,5,799.99,3999.95,Credit Card,Dallas,2026-07-20T16:24:24.047107
7211d8ef-6661-47af-a2bb-fe5b9eac8a9c,8b8e4946-ff23-4f7c-8733-48ebdb78ab68,P003,Home,5,129.99,649.95,PayPal,Seattle,2026-07-20T16:24:24.047114
cea23770-27d0-45e7-9838-e2afdfc39b0e,b73af899-d65c-46dc-a992-434715e39e85,P004,Books,4,19.99,79.96,PayPal,Dallas,2026-07-20T16:24:24.047122
da02959d-8f0d-49f4-bef4-7a02dd130608,7d4d2185-db44-416a-b3d7-00fd0811358f,P005,Sports,5,89.99,449.95,PayPal,Chicago,2026-07-20T16:24:24.047130
478183c6-5b2e-4a4b-8ff5-36429e9c534b,9732e024-4103-41eb-836b-6b45af093b59,P002,Clothing,4,49.99,199.96,Cash,Dallas,2026-07-20T16:24:24.047138
60d59b1b-8529-499a-90fb-3084d4a93ef7,188cdb38-6105-4c34-97af-b5dac0080f25,P005,Sports,1,89.99,89.99,Credit Card,Seattle,2026-07-20T16:24:24.047145
3952177a-c0ad-4e1c-b902-c3d05354ffc0,612583db-adba-4dc7-bd23-06e06f712f78,P002,Clothing,1,49.99,49.99,Cash,Boston,2026-07-20T16:24:24.047153
5839ce52-3582-433b-837d-adc380c3cdde,a006bffd-b38c-439f-b547-c41161955c2b,P005,Sports,1,89.99,89.99,Cash,Chicago,2026-07-20T16:24:24.047161
9e81bb97-bff5-4c50-84bc-12b319791087,70fc36cc-7e1b-4ae5-ae53-00bb732b9d19,P003,Home,3,129.99,389.97,PayPal,Chicago,2026-07-20T16:24:24.047168
4a777b92-4129-4130-b8bc-17741e5db7ab,126eca93-082a-4e1f-83a7-8ee31af89538,P002,Clothing,4,49.99,199.96,Debit Card,New York,2026-07-20T16:24:24.047176
e784fb20-5306-4ed3-8a99-cc90bead7c8f,eed390ce-1a30-41b5-8b16-74b81bd78de2,P005,Sports,5,89.99,449.95,Cash,Chicago,2026-07-20T16:24:24.047184
240b0558-5e1d-4505-8d37-c6289737ed61,f2518d8b-de9a-42fc-8b5a-6ca55e4c52e3,P003,Home,3,129.99,389.97,Cash,Boston,2026-07-20T16:24:24.047192
4e057d10-0ab2-4bef-a664-c6a6696226c4,b719c383-e065-4e50-b1de-15b6d8f33b9f,P004,Books,1,19.99,19.99,Cash,Boston,2026-07-20T16:24:24.047200
f745d83c-1791-4435-80aa-ed5b3f7749d8,c733fde9-e0d9-48d3-8ae2-865e46f90ced,P005,Sports,1,89.99,89.99,PayPal,Seattle,2026-07-20T16:24:24.047208
e836e522-0dd6-48d6-9ad9-55644f2f1445,53fc50cd-1278-462f-8d81-36a8058b3dd6,P001,Electronics,1,799.99,799.99,PayPal,Dallas,2026-07-20T16:24:24.047216
3bea19d6-c26d-45b5-a961-dca2200193e9,7ed89067-f7e5-4a51-b908-7bd797a4512d,P003,Home,3,129.99,389.97,Debit Card,Chicago,2026-07-20T16:24:24.047224
5a4d50f7-051e-4878-99ea-78fc81f1bc15,8dcf4d23-69b3-4f8d-b495-944493dfb30c,P005,Sports,2,89.99,179.98,PayPal,Seattle,2026-07-20T16:24:24.047232
7ef69920-4e1a-4acc-95f3-408baea2739f,3b872c3e-165d-4f7e-a6b6-7e0e401b503e,P002,Clothing,5,49.99,249.95,Cash,Dallas,2026-07-20T16:24:24.047239
6d48e08c-3594-47ee-a7ca-511f8320bee3,96158a7d-caf8-4416-8032-3853f55abdde,P002,Clothing,5,49.99,249.95,Debit Card,Seattle,2026-07-20T16:24:24.047247
0b32d29b-0033-4c20-a42f-a8a829d62c4a,e3e18878-5158-43cd-b084-a3a1c1702197,P005,Sports,2,89.99,179.98,Cash,New York,2026-07-20T16:24:24.047255
12fe08e3-e9b9-4ae4-91f8-92959ce05418,748df71b-df9f-4e6f-ac29-49339d887887,P003,Home,3,129.99,389.97,Cash,Dallas,2026-07-20T16:24:24.047262
e79e766b-ffae-4bc2-a917-0575db31bc7f,7367aa4f-164f-404f-b379-e826bfd91392,P002,Clothing,1,49.99,49.99,PayPal,Dallas,2026-07-20T16:24:24.047270
b21a0479-4647-4ddc-a1b9-1b2c89499670,12ce71b8-1b2b-4a74-bf75-307651d634e3,P001,Electronics,5,799.99,3999.95,Cash,Seattle,2026-07-20T16:24:24.047278
334058d8-0180-466b-9978-b44a74888b0e,fa1a65ae-a415-48be-b33f-71c6be1b4cda,P005,Sports,2,89.99,179.98,PayPal,New York,2026-07-20T16:24:24.047286
16ef200c-79ad-4386-8082-55d1d83e5455,0e415c7e-0dcf-45ae-94a9-705e178f50e3,P002,Clothing,4,49.99,199.96,PayPal,Seattle,2026-07-20T16:24:24.047293
06b54d74-e33f-44ba-a6f7-2ddd4a65a667,72777775-7ac4-48dd-8dd0-ec77293cfee3,P001,Electronics,5,799.99,3999.95,Cash,Chicago,2026-07-20T16:24:24.047301
18e23807-b8b1-421d-824e-f9ae3e62e446,c9dfe3a4-52fd-4f3f-ac86-d569536d2222,P002,Clothing,1,49.99,49.99,Credit Card,Seattle,2026-07-20T16:24:24.047309
7116199e-9f53-4917-a386-1fa56da2ec8b,8d0ca95c-05f4-46ec-9e7a-c348af5d6f20,P004,Books,4,19.99,79.96,Credit Card,Boston,2026-07-20T16:24:24.047317
c5d800ca-7be6-4f1d-a63c-b5e1002136e1,a5aa5504-223c-4a01-9150-a62c37334e57,P003,Home,1,129.99,129.99,PayPal,Seattle,2026-07-20T16:24:24.047325
e5c9f6ed-1900-44eb-9fea-08c3ea99b077,c3fad54c-79c9-43a3-af6c-b14d2cafc6ee,P003,Home,4,129.99,519.96,Cash,Chicago,2026-07-20T16:24:24.047332
707e0aba-213d-4ab7-a15f-b96e954264b2,de3566a7-e827-4529-8b5b-e93a1910d986,P002,Clothing,1,49.99,49.99,Debit Card,Seattle,2026-07-20T16:24:24.047340
a3fbbcf4-8e46-44eb-b347-ac800ffcf899,b098d969-96da-470a-841a-341056ac2003,P005,Sports,2,89.99,179.98,Credit Card,Seattle,2026-07-20T16:24:24.047348
e75673a3-791f-43c1-98c6-0a7ab506b093,442333d1-c7a7-4e0e-b55a-c7b72723401b,P005,Sports,3,89.99,269.97,Cash,Seattle,2026-07-20T16:24:24.047356
db7e40ef-9564-404e-9b89-1656df05c0f4,f62193c1-2a02-4575-b701-ef6dccbe3515,P005,Sports,5,89.99,449.95,Credit Card,Chicago,2026-07-20T16:24:24.047363
82feb38e-e02c-4b47-a731-f0c8292eaa84,a9deef1c-739d-4858-99d7-9688650c07e9,P004,Books,5,19.99,99.95,PayPal,Chicago,2026-07-20T16:24:24.047371
e2782ae5-943c-4347-a9e1-2b40e62b3044,54e09596-7b94-4c9c-a79c-fd29d995ace1,P001,Electronics,3,799.99,2399.97,PayPal,Boston,2026-07-20T16:24:24.047379
e12455c2-a969-4ca0-8493-b7ad7370c7c9,1c6433b2-bb25-449f-9147-3ba4baf02875,P001,Electronics,2,799.99,1599.98,Credit Card,New York,2026-07-20T16:24:24.047387
54939168-bd4c-4679-9fc5-2dcb3e652442,4f68577b-f4d8-423f-9211-544540d951ee,P003,Home,1,129.99,129.99,Debit Card,Boston,2026-07-20T16:24:24.047394
f9657726-ffad-41fa-b89a-f85a0e72c292,f741361a-ace2-4fad-b2c6-ac4b3bf07555,P005,Sports,5,89.99,449.95,Credit Card,Chicago,2026-07-20T16:24:24.047402
b63024d6-7072-4059-b1bd-46e8b645f3f7,fa25935e-4f8d-417a-8187-ef17accb47aa,P003,Home,2,129.99,259.98,Debit Card,New York,2026-07-20T16:24:24.047410
7df55362-0a99-4da2-9b87-8c74417236b8,8c093cbb-7521-4daa-8136-605771804e4c,P001,Electronics,1,799.99,799.99,Credit Card,Dallas,2026-07-20T16:24:24.047417
12c502ec-16d4-4ab7-8503-fb6f15d5e917,e4ab5b44-aaa5-49a4-8423-316afa6db37c,P002,Clothing,1,49.99,49.99,Debit Card,New York,2026-07-20T16:24:24.047426
973064a1-5d76-4249-861c-266256c976fb,53c2db2e-5363-4d3c-bc56-dde17d4b85fa,P002,Clothing,2,49.99,99.98,Credit Card,Seattle,2026-07-20T16:24:24.047434
c2101c9a-af48-4c4c-b906-af581efee00d,dbbb6b95-65ce-4745-80ab-96a117cfbcd6,P003,Home,3,129.99,389.97,Cash,Dallas,2026-07-20T16:24:24.047442
bc38cceb-dc57-4146-b67f-fbbd449326bc,927d7c03-2191-4a6b-8577-7f701fdb4e61,P001,Electronics,1,799.99,799.99,PayPal,New York,2026-07-20T16:24:24.047449
2c0f6117-8411-4254-8f35-30f03695fb50,253af7c2-2ec7-4077-a55f-33aea353d4de,P004,Books,1,19.99,19.99,Credit Card,Dallas,2026-07-20T16:24:24.047457
fd35d226-a1fb-4bd7-a1a2-8e52490b0d51,644c6dcf-3f77-469c-ac8c-deb90be4caad,P003,Home,4,129.99,519.96,Debit Card,New York,2026-07-20T16:24:24.047465
59645b95-c076-4bc4-b45e-31c2438f416b,4eb51136-2068-4e12-943e-5d491e76c4b3,P004,Books,4,19.99,79.96,Debit Card,Chicago,2026-07-20T16:24:24.047472
effbb337-8c82-409f-88bf-8c480f5b6508,f26c2f44-6cda-468d-8568-be89f4c44ade,P003,Home,1,129.99,129.99,Credit Card,Seattle,2026-07-20T16:24:24.047480
01f5ede6-c147-4d58-832f-de361370d96f,7bbdd637-b30d-42ab-907c-652b3ff8190b,P005,Sports,1,89.99,89.99,Cash,Seattle,2026-07-20T16:24:24.047488
3a0f863b-fa15-4a8f-b1ac-4f22d11ba1fd,61edd56b-0cc1-479e-a805-f6ced43547fb,P002,Clothing,2,49.99,99.98,Credit Card,New York,2026-07-20T16:24:24.047496
038fc498-6f92-437a-8322-f40c5f48af37,16b3bdaa-3c2b-4673-ab42-b4af8be54c37,P005,Sports,3,89.99,269.97,Cash,Dallas,2026-07-20T16:24:24.047504
b691d2d6-0c14-48a2-817b-69795d4d10dd,ef82f9b1-e6de-4a6a-8a7e-3bbe49721983,P002,Clothing,3,49.99,149.97,Credit Card,New York,2026-07-20T16:24:24.047511
838e3475-6b2a-4650-9b4d-229095a5f0c8,a5c6ff77-8595-4198-8c1c-155413a1a08c,P004,Books,3,19.99,59.97,Credit Card,Boston,2026-07-20T16:24:24.047519
b8aae47c-d878-40cb-aa4e-fb323a7fab2e,526c6b17-f462-495f-9fd5-4a4474e6eadc,P004,Books,2,19.99,39.98,Credit Card,Seattle,2026-07-20T16:24:24.047527
02aeb4cf-0f81-4bf6-9b79-960b0aa0ec99,cf0473ac-b4c8-4a85-9e33-7d3b8ae5302d,P003,Home,1,129.99,129.99,Debit Card,Seattle,2026-07-20T16:24:24.047535
dddbc20f-35da-4e9a-b8bf-81685c1f54cc,43c06c20-32f7-45c8-9db5-c84754c6a29f,P005,Sports,5,89.99,449.95,Credit Card,New York,2026-07-20T16:24:24.047543
ad218958-2f0e-4e71-a7b3-9f9794a550f7,68dab11a-9195-4cc1-a1a4-bf13295c2375,P004,Books,4,19.99,79.96,Cash,Seattle,2026-07-20T16:24:24.047551
3a68cc3a-d530-487e-a2e2-46f78a38a15c,fb56a783-0d64-42f1-b5d0-f7dff8656970,P004,Books,2,19.99,39.98,Credit Card,New York,2026-07-20T16:24:24.047558
928b29e6-81c1-4396-bd5e-5dde35d93a98,ea6fd62e-efdc-4af9-a4ce-00e057cf0bdb,P005,Sports,1,89.99,89.99,Credit Card,Seattle,2026-07-20T16:24:24.047568
ad99413f-3865-4ddd-a2e4-a31f406414ca,42b34471-73da-4456-8950-6ee6aa74d07c,P002,Clothing,4,49.99,199.96,Debit Card,Boston,2026-07-20T16:24:24.047576
7021b8f9-f00d-40e0-b761-7b3d77831634,b5e14a02-5b98-49e8-a023-aa32a4bd4421,P004,Books,3,19.99,59.97,Credit Card,Dallas,2026-07-20T16:24:24.047584
26b6efc0-3eba-481a-a01c-18bd52961698,29f64c23-e401-4a6e-aec0-53297d2e4253,P001,Electronics,3,799.99,2399.97,Debit Card,Seattle,2026-07-20T16:24:24.047592
fc00c628-b7ee-4800-abdf-b36162b0f4dd,d38f2fb1-e427-4618-b4c3-2c60b6eb1bce,P005,Sports,5,89.99,449.95,Cash,Chicago,2026-07-20T16:24:24.047600
ad3e9420-58bf-425c-b16d-7a907881258e,8dd2ff2e-e32a-4166-9696-ee3527ea7a18,P005,Sports,1,89.99,89.99,PayPal,Dallas,2026-07-20T16:24:24.047607
a3f006b9-c73e-48ff-befa-d89861886429,14a97f9f-9882-4151-877e-10c7d3af8884,P003,Home,5,129.99,649.95,Cash,Chicago,2026-07-20T16:24:24.047615
6185d519-eaba-4873-a8f8-ee9fbc313526,03c5ef75-ee2a-4be1-b71d-50291cc763f2,P004,Books,5,19.99,99.95,Credit Card,Chicago,2026-07-20T16:24:24.047623
e26fe017-24d3-48f1-8fae-ceaa0add0e80,ab7ec56b-b407-494d-a223-85813622c645,P002,Clothing,3,49.99,149.97,Debit Card,Boston,2026-07-20T16:24:24.047631
1be7627e-db81-4e32-b23b-0ce03f2e0830,cbbcf715-870d-4234-8eb8-339f404e4787,P005,Sports,3,89.99,269.97,Debit Card,New York,2026-07-20T16:24:24.047639
1ada5444-6b5a-4e6f-87e6-c551b3e98d80,2ec9ef59-f3e7-4535-966c-1100a4663ae9,P004,Books,3,19.99,59.97,Debit Card,Seattle,2026-07-20T16:24:24.047647
413df693-ee54-4dcc-9ddc-fab6fce09fe8,fe7e5eac-895a-4764-a80c-0165034a9652,P001,Electronics,1,799.99,799.99,Credit Card,Seattle,2026-07-20T16:24:24.047654
443802fe-6b89-44c8-a68e-b4139772f87f,18ca5aa2-6b0f-4aa4-b84e-ca9361d82274,P004,Books,1,19.99,19.99,Credit Card,Boston,2026-07-20T16:24:24.047662
aefa9f51-d2f4-430e-8e19-418c97e48e64,6c9b69af-924e-4342-a34a-13e25e10c80f,P002,Clothing,5,49.99,249.95,Credit Card,Chicago,2026-07-20T16:24:24.047670
143c0fd3-80c1-4536-ae89-e7c265b7a41e,8cbe2c46-7301-4be0-9f08-beededf69ae7,P005,Sports,5,89.99,449.95,PayPal,Chicago,2026-07-20T16:24:24.047679
895d2311-4b88-4517-8903-b56f3d37f484,06bfede6-1afa-4df0-b021-771a2daeaaf0,P004,Books,3,19.99,59.97,Debit Card,Chicago,2026-07-20T16:24:24.047687
6eadeffd-7ff2-464a-b51a-81f2a67328df,641c0f30-1d06-4b62-a049-7ab822c78102,P001,Electronics,4,799.99,3199.96,Cash,Chicago,2026-07-20T16:24:24.047695
7c341c24-a9cf-4127-bfe4-2eac52fbd726,b3fbe897-bb22-4c8c-941f-2bc4402895cc,P001,Electronics,3,799.99,2399.97,Debit Card,Seattle,2026-07-20T16:24:24.047703
211b7965-35b2-432c-995f-1afada31d743,07892193-cdf6-46fd-8307-96b817e7ea80,P001,Electronics,1,799.99,799.99,Debit Card,Seattle,2026-07-20T16:24:24.047710
0a09e55a-caf8-46da-8f86-1e278ce08849,53470224-9639-4268-ad89-e705f2feceeb,P002,Clothing,5,49.99,249.95,Debit Card,New York,2026-07-20T16:24:24.047718
aa8048ec-a474-48c3-a9a1-037d76b3d443,ac137768-d336-45fe-ab87-ec9a0d35a1a0,P005,Sports,3,89.99,269.97,Debit Card,Chicago,2026-07-20T16:24:24.047726
f1f44b14-b615-444b-af0d-ffb2c9b45e24,14678e78-1ef6-491a-beae-c1d874ed3556,P002,Clothing,4,49.99,199.96,PayPal,Chicago,2026-07-20T16:24:24.047735
6da3794e-2401-419a-acf1-6b919898c4b6,9a1b1e25-d707-4a33-af29-094637549534,P004,Books,5,19.99,99.95,PayPal,Boston,2026-07-20T16:24:24.047743
6f15d7ae-806b-4168-a729-20e15226cf84,67ef13c8-e02f-4af9-b6cc-c1cc32bffb29,P004,Books,2,19.99,39.98,Credit Card,Boston,2026-07-20T16:24:24.047750
e6b23386-0f94-4373-b604-fefa8a5cbac7,bade0470-9ad7-49bc-806e-b66ef63a3eab,P004,Books,4,19.99,79.96,Cash,Seattle,2026-07-20T16:24:24.047758
f29c9831-11cd-4f97-b5d9-bd48b6ae03c1,ee2d7c64-48f9-4f17-9f85-b5236e387791,P005,Sports,5,89.99,449.95,Cash,Chicago,2026-07-20T16:24:24.047766
ba687e75-8af6-49cc-87d7-15da26e2c7f6,67bcacdc-c3f3-4e72-9d39-37e792a4609e,P001,Electronics,2,799.99,1599.98,Cash,Dallas,2026-07-20T16:24:24.047773
796938d5-17f2-4acf-b93c-d4dd43da4147,9def6e83-39a8-4161-b2f8-e232dd36a2f0,P004,Books,1,19.99,19.99,PayPal,Boston,2026-07-20T16:24:24.047781
ca8ff161-e7d7-4a91-8c9d-e17e1d8f2e32,09c47445-f468-4ffc-b72f-2bdd7cc949a7,P004,Books,4,19.99,79.96,Cash,Seattle,2026-07-20T16:24:24.047789
2d3072ec-e0cb-4383-b954-26840ef2110b,a89816fa-2534-4a87-9ff0-9024b2512141,P003,Home,4,129.99,519.96,PayPal,Boston,2026-07-20T16:24:24.047796
b2059786-31ed-47db-ae42-e9cca4ea6cd1,9305befb-2a72-4fad-9f00-9f31dcdbca49,P003,Home,2,129.99,259.98,Credit Card,New York,2026-07-20T16:24:24.047804
f6fed860-6466-49e5-8d6b-bffd1d114ada,9b7822eb-c642-42c0-899b-3c60721078cb,P002,Clothing,2,49.99,99.98,Debit Card,Seattle,2026-07-20T16:24:24.047812
2bf7a807-a2a9-4bc5-ab2e-fa84858fa611,daae20f6-5fe1-4018-85df-ab19df536898,P004,Books,1,19.99,19.99,Debit Card,Boston,2026-07-20T16:24:24.047819
d2de379a-451e-4896-951e-b0262ea7a4ea,612e1c11-1a68-476a-ba62-cdaa5c1ebab3,P004,Books,3,19.99,59.97,PayPal,Seattle,2026-07-20T16:24:24.047827
bdcb3ba0-c896-4e19-a0eb-09bb5f3850a2,78db9442-d4e9-4dd8-80d8-59e1ce4c2bb9,P001,Electronics,2,799.99,1599.98,Debit Card,New York,2026-07-20T16:24:24.047834
d18854bc-4b14-419c-9268-08feffa3ab8d,4928666e-496c-4b11-b3fd-1bf17222a31e,P003,Home,5,129.99,649.95,Cash,Dallas,2026-07-20T16:24:24.047842
cee9f298-82fe-492f-8ce1-aa5d1bccc070,fbe4e76f-5c04-4833-9385-77a848cc509d,P001,Electronics,3,799.99,2399.97,Cash,Chicago,2026-07-20T16:24:24.047850
b689c18b-8d95-4ad7-832b-077c99543606,036d12a1-2f83-4876-858c-b97cade177df,P004,Books,3,19.99,59.97,Cash,Chicago,2026-07-20T16:24:24.047858
4f5bf1cc-8bfc-4064-970c-aa5e8b782ccd,ff929dd5-fce3-45ee-bfff-f9ecaeaf29df,P004,Books,4,19.99,79.96,Credit Card,New York,2026-07-20T16:24:24.047866
a8aadd1a-ac18-4a31-ba3c-8918369403e7,1491eeda-292c-4a6e-a05b-e0880b7b7bae,P003,Home,2,129.99,259.98,Debit Card,Dallas,2026-07-20T16:24:24.047873
f3cdadc1-b6ee-4af9-8d2a-007ce48daf1e,5fb50377-a312-4e39-a165-0c2b3dfffbea,P002,Clothing,2,49.99,99.98,PayPal,New York,2026-07-20T16:24:24.047881
345bea76-ab1c-4e0b-9f34-6bb259d34f4a,12b211ae-5d6c-4dd7-a1b1-c347738dd283,P005,Sports,4,89.99,359.96,Debit Card,New York,2026-07-20T16:24:24.047888
689c0c76-06a0-4490-9f09-ca965b029e20,6d85101c-c5b2-4c34-8e03-719cbbc0a6ff,P001,Electronics,5,799.99,3999.95,Debit Card,Chicago,2026-07-20T16:24:24.047896
42df3bee-9781-4b17-b8fd-a91b137c1f9b,3f6049e8-a2a0-4fa0-9088-c41876dc83a8,P005,Sports,3,89.99,269.97,Cash,Dallas,2026-07-20T16:24:24.047904
9367d415-cf15-4488-9f98-1bd814738f2c,e00ed2ca-568d-432e-8ef7-0db34bb65586,P001,Electronics,4,799.99,3199.96,Debit Card,Dallas,2026-07-20T16:24:24.047911
c7bac01c-d49e-4ef6-99bd-03b5ee1e5d59,c487be2b-5e28-4002-b7c0-af5157f04967,P004,Books,2,19.99,39.98,Cash,Boston,2026-07-20T16:24:24.047919
333f81c7-fc27-43ce-8d7e-9d59f413981b,8329ddc8-bf70-4c4e-b7b6-82d6ad740cfd,P004,Books,2,19.99,39.98,Credit Card,Chicago,2026-07-20T16:24:24.047926
3336926b-fc5a-4110-8383-130d7cc5bce3,7cb8aa53-28c9-4004-90fc-c48df3d3466d,P003,Home,5,129.99,649.95,Cash,Seattle,2026-07-20T16:24:24.047936
e3903678-4929-4ca3-aee7-8465a6cfa636,185e6155-a9d0-4eb0-933d-58e7ad92388d,P002,Clothing,2,49.99,99.98,Cash,New York,2026-07-20T16:24:24.047943
037748de-abd6-4763-b753-34be9e4ee477,c0d2929b-efd4-4698-8c20-adbee22a3da1,P005,Sports,5,89.99,449.95,Debit Card,Dallas,2026-07-20T16:24:24.047951
840216b4-5079-4a5a-8fe6-a64df7f482a6,8cbfe328-d781-44b2-9e3d-d8daa69ca4f4,P003,Home,5,129.99,649.95,Cash,Seattle,2026-07-20T16:24:24.047959
2d1a9f35-e82d-4798-857f-44d9597652bc,2eccd849-56c5-486a-8567-5a8c70652122,P002,Clothing,3,49.99,149.97,Debit Card,New York,2026-07-20T16:24:24.047967
c4ef9295-c6d3-4af5-b060-f255696e102e,a051c044-b32a-4c9d-b3d0-6f86579b6cdc,P002,Clothing,5,49.99,249.95,Cash,Boston,2026-07-20T16:24:24.047975
e5d0aa5f-8793-44dc-92e6-e31f56b71329,d4d23a2b-9df2-4da6-b2b0-7ebe9ec2ae7a,P003,Home,2,129.99,259.98,Cash,Boston,2026-07-20T16:24:24.047983
b07babc5-7bf7-4291-9ed4-39836aeb8f74,e1aa573e-81cf-47e1-9f11-543816fe9682,P003,Home,3,129.99,389.97,Credit Card,Dallas,2026-07-20T16:24:24.047990
4960e878-c922-429d-ad48-d71c9ebeac83,49594204-35df-49e8-bc35-411c4b3b69a3,P004,Books,1,19.99,19.99,PayPal,Boston,2026-07-20T16:24:24.047998
964c4a3e-340a-4071-bfa7-61b778d06917,fe2d88da-2499-4a3b-9a39-e3a50c6f6385,P001,Electronics,2,799.99,1599.98,PayPal,Dallas,2026-07-20T16:24:24.048006
0b5f5b5a-51cd-441f-b2ba-b5596c0db955,52f15e70-194a-4fbf-8b35-5aa54169c2ce,P005,Sports,1,89.99,89.99,Credit Card,Chicago,2026-07-20T16:24:24.048013
64e91599-2f40-43a6-8276-52c061786891,550f579f-79f2-434c-b18e-dce0f632c572,P004,Books,3,19.99,59.97,Cash,Dallas,2026-07-20T16:24:24.048021
23d3bf56-db55-4fda-a5bd-ff45ad4a9059,12bddbca-1e6a-44d8-87e3-37f54e7644e4,P001,Electronics,3,799.99,2399.97,Debit Card,Boston,2026-07-20T16:24:24.048029
4c9f19c8-c713-4ede-aa6c-dae038b9b9bb,30b81339-e1c1-4667-9251-3b2faec47365,P004,Books,5,19.99,99.95,Debit Card,New York,2026-07-20T16:24:24.048037
2c09a6b2-a921-4930-b264-176325c7f197,ab1174e7-7715-4e12-8cde-36a0238af075,P002,Clothing,3,49.99,149.97,Cash,New York,2026-07-20T16:24:24.048044
a22edc48-b257-4df2-b967-2fc7457bab65,b068d944-4b5d-42ea-a66c-085ba7ce8758,P004,Books,5,19.99,99.95,Credit Card,Dallas,2026-07-20T16:24:24.048052
62347903-9829-4097-91e4-db6bb04f3c0c,c45289e9-41f4-4dd2-b534-41733b0f30fb,P001,Electronics,5,799.99,3999.95,Debit Card,New York,2026-07-20T16:24:24.048060
2feee4d3-d32d-4401-8047-e808f78c3375,86cf3c66-6517-4e41-94a8-b76ea214dd1d,P005,Sports,3,89.99,269.97,Credit Card,Dallas,2026-07-20T16:24:24.048068
56d9724a-893d-4074-a18a-677c602d17da,20683252-7b21-4350-82c0-d9dbc7570726,P002,Clothing,5,49.99,249.95,Credit Card,New York,2026-07-20T16:24:24.048075
c1d783fb-a9a8-49dd-bd8a-4e5448e85878,de5b37c3-d048-4ea4-9e1b-4222db169f2c,P005,Sports,1,89.99,89.99,Debit Card,Seattle,2026-07-20T16:24:24.048083
c812b61d-6cdb-4964-82ed-e78fa5682d92,a8591ced-8e2d-4dcd-9ba0-a616beeb0a62,P002,Clothing,4,49.99,199.96,PayPal,Dallas,2026-07-20T16:24:24.048091
a0406555-a132-4053-8444-0952edcb34a9,28b5e2bc-6850-454f-b22c-73449a6b3175,P004,Books,4,19.99,79.96,PayPal,Seattle,2026-07-20T16:24:24.048099
94663de4-b197-443f-b2ad-7ecf32b0e0c1,32a23860-0a0d-4453-8b39-8ea447e1b4d7,P005,Sports,2,89.99,179.98,Cash,Boston,2026-07-20T16:24:24.048107
97cc8ac8-e04f-4ed2-a677-d6433e8b7279,48fdec71-ac6e-4b31-98cb-bdcf71546146,P003,Home,3,129.99,389.97,Debit Card,New York,2026-07-20T16:24:24.048115
c12c3386-6d21-46aa-8ec6-cf9fb9d9b595,e18089ac-c30e-4c86-801e-a56ab9795fe4,P002,Clothing,2,49.99,99.98,Cash,Dallas,2026-07-20T16:24:24.048122
3f5e117d-7ee2-475d-816f-d2deca049408,ff2683a4-eba4-4ae8-a207-65e2228b4bd0,P002,Clothing,1,49.99,49.99,Debit Card,Boston,2026-07-20T16:24:24.048130
32ed098d-98b0-43d8-b079-f5159663c049,81ddedd4-a47e-4d97-8a9e-624dfc248f9c,P005,Sports,5,89.99,449.95,Cash,Dallas,2026-07-20T16:24:24.048144
5a1ad8a5-7905-4d7a-a94f-d30f16b2cc40,4ea2b8c7-79b6-4680-b280-0f490dd1efac,P003,Home,4,129.99,519.96,Credit Card,New York,2026-07-20T16:24:24.048152
eb8948b9-cf8c-439c-8b42-f3a4cdc29359,db8851d0-419b-4031-95b5-a7df27f99135,P001,Electronics,5,799.99,3999.95,Debit Card,Chicago,2026-07-20T16:24:24.048160
349e89f6-fe04-443c-b2b7-34dd2f55e3e2,1cd35b88-e033-4a46-b43e-1fa8c8c60399,P003,Home,3,129.99,389.97,Credit Card,New York,2026-07-20T16:24:24.048167
de0ce4a5-a45a-4c90-9c31-c2ede84f17e1,1107ceaf-658d-4a9d-98b5-96ec483ea792,P004,Books,5,19.99,99.95,Credit Card,Boston,2026-07-20T16:24:24.048175
54ae61e3-f86c-4c69-9913-36e0bd726f1b,c7c1b38e-acaf-494f-aee5-15f06b0ede3a,P004,Books,4,19.99,79.96,Cash,Boston,2026-07-20T16:24:24.048183
f9414e7c-b3e7-461c-9d86-42fab201fc2f,b0c2b6be-2b83-4786-be79-6e7ba2d3855f,P001,Electronics,2,799.99,1599.98,Credit Card,Chicago,2026-07-20T16:24:24.048191
fc2fadd5-8855-4eeb-b74e-6074faf4416a,82c088ab-ab94-491d-a6a5-3ba4074fcdfa,P001,Electronics,2,799.99,1599.98,Credit Card,New York,2026-07-20T16:24:24.048198
89362cb0-5e99-4230-b47e-5e16d35ecb74,3c4d793d-88ad-4e38-a632-16b002030a6b,P002,Clothing,2,49.99,99.98,PayPal,Boston,2026-07-20T16:24:24.048206
35b8418a-1336-4808-9433-5dcb600ce586,9cc143fd-ff2f-4681-95ac-519eb465f5e8,P003,Home,2,129.99,259.98,Debit Card,Chicago,2026-07-20T16:24:24.048214
d8c559c2-0ab3-4e9e-8df8-ca9002870b1d,4c7877f3-d24d-45af-9b00-00565d4803cb,P003,Home,5,129.99,649.95,Debit Card,Dallas,2026-07-20T16:24:24.048221
4c445d57-122d-4784-9af5-70de6906d2ca,ff34df5a-641e-42cf-b388-9e9c6a565658,P002,Clothing,4,49.99,199.96,Credit Card,New York,2026-07-20T16:24:24.048229
71892ab2-d3e8-4f64-8b14-bb7e764a4504,9303da2d-31d5-4547-bffe-52662ae20b80,P004,Books,5,19.99,99.95,PayPal,Dallas,2026-07-20T16:24:24.048237
14531132-9fa8-452e-986a-f6ee5faa089f,0f3b2fd2-ec0c-4ce8-a8db-8bfe91ad422a,P004,Books,2,19.99,39.98,PayPal,Boston,2026-07-20T16:24:24.048244
8fa9b05e-2baa-4cdc-a577-5f85184945c4,3db922a0-aaed-417e-b31f-5120ca5037a3,P001,Electronics,3,799.99,2399.97,Cash,Chicago,2026-07-20T16:24:24.048252
0c0583f2-6722-4bb3-9272-dbbd356ed0af,b0cf30c9-d7e3-4bd1-ab99-7800055e3cf0,P003,Home,4,129.99,519.96,Cash,New York,2026-07-20T16:24:24.048260
9dde6005-aab7-447b-8d79-ee0bd8045dd4,59eac473-78e3-4912-b599-8550f01ee2b1,P001,Electronics,3,799.99,2399.97,Debit Card,Chicago,2026-07-20T16:24:24.048267
b65ed7ae-298e-4fee-bfb4-6b891bf47985,dc889df6-df8f-42b9-a5b2-68173a24c4f2,P005,Sports,1,89.99,89.99,Debit Card,Dallas,2026-07-20T16:24:24.048275
10078a3a-aacf-47a0-88f7-dbb38b05525b,fbedf42b-590a-4c03-994b-b0a22d038ed0,P004,Books,4,19.99,79.96,PayPal,Seattle,2026-07-20T16:24:24.048283
a6faf325-125c-49a9-8c45-a1351dfbe42d,48f5a79f-f4a0-484a-b489-9ff5185195f6,P001,Electronics,1,799.99,799.99,PayPal,Chicago,2026-07-20T16:24:24.048290
2d8b3baa-e2f5-4f0f-a194-d1238b744c23,c546b80d-1ca9-4885-8d57-91fe9663e1bf,P003,Home,1,129.99,129.99,Cash,Chicago,2026-07-20T16:24:24.048298
1ccc555d-c4e1-4228-a46c-e73c71f36027,d47eaa90-449a-41a9-896d-19215ae21815,P005,Sports,4,89.99,359.96,PayPal,Chicago,2026-07-20T16:24:24.048306
7a9fc163-3f22-45c4-83fb-c93eaa41dfcc,d2985b88-52d8-4eec-9224-f5642ab7851a,P001,Electronics,2,799.99,1599.98,Credit Card,Dallas,2026-07-20T16:24:24.048314
7e8db925-7296-46e1-ae5d-a117cd5b2af3,73642e9d-303b-4fd5-a042-238eb6a1785d,P001,Electronics,5,799.99,3999.95,Debit Card,Chicago,2026-07-20T16:24:24.048322
183eec3f-c695-45b8-8c3c-ec4fe9592451,45f1290e-6d91-4c67-832a-76ccdb8131b2,P002,Clothing,2,49.99,99.98,Cash,Dallas,2026-07-20T16:24:24.048329
5330d77f-a37b-49ba-9e57-8d1e4eab574d,9fb63f5c-0559-4d8f-84df-13a8d1e32200,P005,Sports,3,89.99,269.97,Cash,New York,2026-07-20T16:24:24.048337
2f317e07-8fff-4786-bcf5-9dbdba241bd4,89bc6775-b26a-4dc5-94cc-c90ee900040d,P004,Books,5,19.99,99.95,Cash,Seattle,2026-07-20T16:24:24.048346
2aad57a6-7985-4608-a41e-72ebf861d120,8b5ee931-f926-47db-89e1-3f2490e96204,P004,Books,3,19.99,59.97,Cash,Chicago,2026-07-20T16:24:24.048354
fd17e403-e520-4c75-97f8-a610687f51c0,18af2ce3-fa80-4bd4-95f4-1be599bdc06e,P004,Books,4,19.99,79.96,Cash,Chicago,2026-07-20T16:24:24.048361
31853d6b-9386-44ce-9432-cc75661cb538,52fd804d-3faf-4aac-9f08-b2796d3cb0ff,P003,Home,1,129.99,129.99,Debit Card,New York,2026-07-20T16:24:24.048369
70c20035-21ba-4e7f-a97c-de6f0b8f5a0a,db48ffec-c7e5-45b2-a835-428b1f95440a,P005,Sports,4,89.99,359.96,Credit Card,Boston,2026-07-20T16:24:24.048377
7f9bc53b-5f2d-4d6e-bb89-08803ce876e4,e8cbbdf2-2cb9-4de4-a8b7-0fec0ced4f29,P005,Sports,2,89.99,179.98,PayPal,Dallas,2026-07-20T16:24:24.048384
5ec1da12-f04e-40e6-a25b-71623267bee1,8b0f0fab-2246-466a-889a-f9daa65864a0,P005,Sports,1,89.99,89.99,Credit Card,Seattle,2026-07-20T16:24:24.048392
2ac75643-073b-4e44-9e81-f39575630d91,a31fd096-4a57-473e-b06e-4a3cb286b0db,P001,Electronics,4,799.99,3199.96,Credit Card,New York,2026-07-20T16:24:24.048399
27585d23-b19d-4bb2-83d3-c8448b9dc7ee,8ec0b57a-8b30-4bf6-833a-d309d9a4320b,P005,Sports,1,89.99,89.99,PayPal,Dallas,2026-07-20T16:24:24.048407
947e4fed-5a4b-4c33-bd34-08f59eaaf00a,5c00a02b-6a91-4411-827c-d369719b8903,P004,Books,1,19.99,19.99,Debit Card,Dallas,2026-07-20T16:24:24.048415
c2ea73a6-065d-4ade-a8d8-94cd9a55259a,787fb8f5-28f6-440f-9528-ce7965950eb7,P001,Electronics,5,799.99,3999.95,Debit Card,Seattle,2026-07-20T16:24:24.048422
1c1417c0-cf79-4c3e-857f-657c002fbe81,8d8c0304-e0e8-4877-8118-5ee79f181627,P003,Home,1,129.99,129.99,PayPal,New York,2026-07-20T16:24:24.048430
9785f2ee-6597-49f9-9e06-342f892f4cce,7d57ba13-7197-48e1-be60-885bb67e69ce,P004,Books,4,19.99,79.96,PayPal,Dallas,2026-07-20T16:24:24.048438
b9fb4357-3820-4a33-9cb9-0ab15befa208,57d3371e-5b3b-4534-a83d-35444e84223a,P002,Clothing,1,49.99,49.99,Credit Card,New York,2026-07-20T16:24:24.048446
78d4ba03-2b43-40d3-9bad-0f68b99039ab,f2f84236-f854-4a6c-bcd0-5e992c415acb,P005,Sports,4,89.99,359.96,PayPal,Chicago,2026-07-20T16:24:24.048453
0c398295-b445-4b7c-8a19-daabd5b2b054,0f0f9b79-99d7-4816-8376-e404f996151c,P001,Electronics,3,799.99,2399.97,Credit Card,Dallas,2026-07-20T16:24:24.048461
83bab5da-f98e-49a4-a79f-170c63c0427c,ff31e5d9-2f13-42e4-999e-b0033540e43c,P003,Home,4,129.99,519.96,PayPal,New York,2026-07-20T16:24:24.048469
6964284b-c697-4333-b257-b982b47f42ca,35acf644-ed5d-4c72-bf0d-46c5e3b32921,P001,Electronics,5,799.99,3999.95,Credit Card,Chicago,2026-07-20T16:24:24.048477
c20d292b-e2c8-4708-9ecf-f0766642bceb,eb6d457e-ab57-4997-af8c-6930add64cdb,P004,Books,5,19.99,99.95,Cash,New York,2026-07-20T16:24:24.048485
9bdd56f1-f159-4796-b235-b461a3ced2ec,c4d8aa56-9b7f-4637-829f-8c9e826eeb70,P005,Sports,2,89.99,179.98,Cash,Chicago,2026-07-20T16:24:24.048492
384a2aae-647f-46ac-91f0-958527dd1a7a,959ffff1-15cf-4a68-9837-bdef3abcc07a,P005,Sports,5,89.99,449.95,Cash,Dallas,2026-07-20T16:24:24.048500
8d486e83-900f-44cb-8dc1-ef4529dd6318,18431908-3552-4574-a3b2-495eb721b732,P004,Books,1,19.99,19.99,Credit Card,Boston,2026-07-20T16:24:24.048507
4623168e-81ed-4232-bd14-219c9b37e657,675fa93b-c31b-4e2d-91ea-30198ce95ec4,P002,Clothing,4,49.99,199.96,Debit Card,Seattle,2026-07-20T16:24:24.048515
22551886-19a0-44b4-87b5-d2d3e148b13d,081bf99a-9466-47ec-acfd-51d8f1d50f16,P002,Clothing,1,49.99,49.99,PayPal,Dallas,2026-07-20T16:24:24.048523
5e0aafb5-58f8-4537-acf6-5b920249781e,88a76d03-fff7-46c8-a793-cbdb6975c594,P001,Electronics,4,799.99,3199.96,Cash,Chicago,2026-07-20T16:24:24.048530
e8553c2a-9126-4b85-b855-34152d6d13e8,e206ca63-2fa8-4dde-8174-5cda2e58f483,P005,Sports,4,89.99,359.96,Cash,Seattle,2026-07-20T16:24:24.048538
05a0d6c1-2d72-45c6-b99f-a0af8837c92a,41bad7aa-522c-4ee4-97a8-c73f733fd375,P002,Clothing,4,49.99,199.96,PayPal,Seattle,2026-07-20T16:24:24.048547
9767a417-1e10-415e-9654-03a24beb070e,929646d7-a99b-40f7-87f7-8585c6471879,P004,Books,3,19.99,59.97,Debit Card,Dallas,2026-07-20T16:24:24.048554
839b1140-a6d1-43a0-a998-b2aca91de993,5280c287-93b7-4ab6-9a70-446f5f72f59e,P003,Home,4,129.99,519.96,PayPal,New York,2026-07-20T16:24:24.048562
ebb77c6f-4005-4198-9158-c2f365fa713e,a0734e0e-3632-426e-89fe-9a6486dec3d1,P002,Clothing,5,49.99,249.95,Credit Card,Dallas,2026-07-20T16:24:24.048570
5b8fccd6-90f8-40f6-b69a-6d1849e517f4,9cbf9827-0a93-4be5-9833-bd77a9383a1d,P004,Books,1,19.99,19.99,Debit Card,Seattle,2026-07-20T16:24:24.048578
80e656b6-b91a-4647-bfc8-15a109c4351b,ec2df006-baf7-447a-b647-56ea5a0f9e7f,P003,Home,1,129.99,129.99,Credit Card,Seattle,2026-07-20T16:24:24.048585
6e061133-0d4c-4453-9a92-8971b2076571,992052c1-36ad-4cb1-8a2d-b5f96c792080,P005,Sports,2,89.99,179.98,Cash,Chicago,2026-07-20T16:24:24.048593
90de5e52-7e01-4c28-b546-127ae8602a36,6601ee45-72a1-424d-86da-79d41ead33b7,P001,Electronics,2,799.99,1599.98,Debit Card,Dallas,2026-07-20T16:24:24.048601
4b2647b0-b519-487f-b299-7393d0dae617,157e642e-2416-4265-9349-6b7abc3ae713,P002,Clothing,1,49.99,49.99,Cash,New York,2026-07-20T16:24:24.048608
1c26c4e9-0a8d-4be2-82c9-a5dd38745152,8ec492dc-d81c-43b0-8d74-3a2edb8d0e02,P001,Electronics,1,799.99,799.99,Debit Card,Seattle,2026-07-20T16:24:24.048616
0669516b-ad39-47b5-b3bf-5c198fce7af5,1687ef4f-ae8c-49f1-82e4-b09e7b526c60,P002,Clothing,5,49.99,249.95,Credit Card,Seattle,2026-07-20T16:24:24.048624
c531a280-e422-45d9-808c-6cb59f98ce40,ea9ed698-c108-4cae-9869-9e70b8d210a3,P003,Home,1,129.99,129.99,PayPal,Seattle,2026-07-20T16:24:24.048631
1b3d5700-8037-4f8d-8511-b90d6a67f7a8,9376b105-8a7d-4c51-a7db-bfb616ea2b3a,P004,Books,2,19.99,39.98,Credit Card,Boston,2026-07-20T16:24:24.048639
3a78f448-5025-4634-925e-77cc52c3be00,f6cdd55f-5fc9-496b-9941-77cc24e3b6b5,P004,Books,1,19.99,19.99,Debit Card,Chicago,2026-07-20T16:24:24.048647
4fa948e8-a2f8-471b-84af-0d6d0909d444,568361a2-7170-4fb7-91a2-3d99100a048d,P002,Clothing,5,49.99,249.95,Cash,Dallas,2026-07-20T16:24:24.048654
1332d21b-e65f-4eb1-a4c8-dca7cd8ffc56,944c88d5-9d63-41c8-a47d-4ab8a09dcd34,P004,Books,2,19.99,39.98,Debit Card,New York,2026-07-20T16:24:24.048662
23df24f6-e78c-44de-a46b-74dd3e96e292,b5b9d2d3-5fb2-4b7c-8d38-6508e427d068,P004,Books,4,19.99,79.96,Credit Card,Boston,2026-07-20T16:24:24.048669
7b57ad99-70f6-44ae-aeb0-3875698af77b,9e6830f1-0915-42ee-a4ca-f12ae4fff59a,P005,Sports,3,89.99,269.97,Cash,Chicago,2026-07-20T16:24:24.048677
0af8cc72-67b6-4179-874d-b20b391d7d99,dd0dcf2a-6f30-48be-a1aa-3e28c04e42df,P003,Home,3,129.99,389.97,PayPal,Dallas,2026-07-20T16:24:24.048685
54291367-ef57-4be7-874a-b93065860634,f1dab6af-8c8f-4b60-976e-d853574c80de,P001,Electronics,2,799.99,1599.98,Cash,Boston,2026-07-20T16:24:24.048694
801ce665-a932-425b-bd15-fa7e876683f3,dd502a91-1d0b-42de-8f60-47ec026b5955,P005,Sports,2,89.99,179.98,PayPal,Chicago,2026-07-20T16:24:24.048702
4f11e682-4107-48d2-99cd-f6ca548fbc0f,29c491b8-ad32-4929-9cd0-a2630e2d2b6e,P003,Home,5,129.99,649.95,Cash,New York,2026-07-20T16:24:24.048709
a92f5382-8876-4e7e-a780-ffc3679976ba,0305d6ff-0c48-4b4e-84a6-87a46e7c780a,P002,Clothing,1,49.99,49.99,Cash,New York,2026-07-20T16:24:24.048717
bf9380f2-f905-4e73-8602-9b2fb70aced0,5207d74c-c1c0-426a-b599-2fdb0e8a3ae4,P001,Electronics,3,799.99,2399.97,Debit Card,Chicago,2026-07-20T16:24:24.048725
9df977c0-a8d9-47b8-99e8-55df29947382,5d921871-9b07-4342-99d5-32f09bb31da2,P003,Home,4,129.99,519.96,Credit Card,Dallas,2026-07-20T16:24:24.048732
e663a13b-02cb-4e81-b378-99417edc0d94,6b9fe3b1-aecb-4d24-9e56-35045c9a772d,P005,Sports,2,89.99,179.98,Debit Card,New York,2026-07-20T16:24:24.048740
b7e74e6c-937b-4c59-b802-fd79cee34b29,6ef03841-fefc-4bbf-b86a-557614b9fccc,P002,Clothing,5,49.99,249.95,PayPal,Chicago,2026-07-20T16:24:24.048748
5fd2ce8d-cd0d-4ba9-ba95-5943315a8e66,701b7ba4-558c-4672-805e-811f82558caa,P003,Home,5,129.99,649.95,PayPal,Seattle,2026-07-20T16:24:24.048755
b7441a70-d582-4851-9eb4-71b1065dd256,b365779a-fd3d-422a-b750-72bcc97d5b9d,P002,Clothing,3,49.99,149.97,Credit Card,Dallas,2026-07-20T16:24:24.048763
cd64161c-2f38-49c9-acfe-5c0a09aefe84,41d1d5f8-493f-46ab-a358-9287539c4ddc,P003,Home,3,129.99,389.97,Credit Card,Chicago,2026-07-20T16:24:24.048771
3fa59400-22da-4a88-a859-9753346772be,1565bc00-5ef2-4626-add3-df790a656593,P003,Home,3,129.99,389.97,PayPal,Seattle,2026-07-20T16:24:24.048778
4633b6bb-cf2b-41af-99f4-447061cecd47,11c9277c-a61c-4787-916a-214bea45b685,P004,Books,5,19.99,99.95,Credit Card,New York,2026-07-20T16:24:24.048786
f7722793-b78b-40a7-8a35-8cdb26e0647f,4e2fd7c4-e7ba-4d26-b5ce-85f82ab8e862,P001,Electronics,5,799.99,3999.95,PayPal,Seattle,2026-07-20T16:24:24.048794
ae18358d-fbb8-4ea3-9e25-89a487e238a7,9eaa33df-5d9c-47db-8fb0-d5d60409f207,P002,Clothing,1,49.99,49.99,Credit Card,Chicago,2026-07-20T16:24:24.048802
e693430a-9c1a-4145-8a92-3b4f55758038,aaf23a20-3244-4b85-aae6-77c9185ebba0,P001,Electronics,1,799.99,799.99,Credit Card,Seattle,2026-07-20T16:24:24.048809
d47717de-cc20-4688-a98c-13507f77aacc,69f0171f-62d6-4deb-9368-835994475476,P001,Electronics,4,799.99,3199.96,Cash,Chicago,2026-07-20T16:24:24.048817
60551f63-6873-466f-8e78-f18ba8de2303,887488dc-e2dc-45da-a5bf-5273017a1457,P004,Books,3,19.99,59.97,Debit Card,New York,2026-07-20T16:24:24.048825
7ba7d565-bdb5-4232-a27a-4b2a78cf8fb4,5782fe72-f2f3-4487-a214-c4cf613e4276,P004,Books,5,19.99,99.95,Debit Card,Boston,2026-07-20T16:24:24.048832
24893f2b-f7a1-4eaf-861c-f4d6a2920ec7,90b9c1a3-a461-42c2-9035-641aa28ba1f2,P002,Clothing,5,49.99,249.95,Debit Card,Chicago,2026-07-20T16:24:24.048840
5c62730d-d161-4473-ad68-8a5a70a64db8,a219f329-5f6f-4e82-8782-a3fcfa914ba7,P002,Clothing,5,49.99,249.95,Credit Card,Dallas,2026-07-20T16:24:24.048849
03cb44d9-3af8-4345-badd-194d4556f2e9,dc1a552c-ed05-475e-8a62-8016d1a33e8f,P002,Clothing,5,49.99,249.95,Debit Card,Seattle,2026-07-20T16:24:24.048856
01739b43-3084-46dc-902b-26524069bb83,5e2d4d2a-84d4-4823-9e19-691beae52a4e,P002,Clothing,2,49.99,99.98,PayPal,Boston,2026-07-20T16:24:24.048864
f7569544-dba4-4189-bd3a-de1414dc2075,9fd87e26-d977-4a63-ae36-0890adc2c4ab,P001,Electronics,4,799.99,3199.96,Credit Card,Chicago,2026-07-20T16:24:24.048872
fae697b8-339a-4f3c-aa86-19408d35bd6e,fd49f485-980b-4c45-a966-8a67f5cfc8f0,P005,Sports,1,89.99,89.99,Cash,Boston,2026-07-20T16:24:24.048879
8d18ed79-daee-4f57-b0ae-a2989042e49e,f066598f-e826-41e7-9117-a55e221e7e54,P003,Home,1,129.99,129.99,Debit Card,Dallas,2026-07-20T16:24:24.048887
74363f7c-8b7d-4ace-9ab7-e14f5e84198c,13853b95-9935-4731-a5d4-ee9c77276133,P002,Clothing,3,49.99,149.97,Cash,Boston,2026-07-20T16:24:24.048894
b68c6e61-4e4d-4b7e-9cd9-589e26784f53,40e5714c-9bf2-4822-b851-fc503eafef32,P001,Electronics,1,799.99,799.99,Credit Card,Dallas,2026-07-20T16:24:24.048902
011d3bc9-c500-4485-940c-e16defb298b8,0369f73d-36fd-4438-a14a-d7a338d22185,P003,Home,2,129.99,259.98,Cash,New York,2026-07-20T16:24:24.048910
d6629a83-772f-4c30-bfc8-ad13745a37f2,bd1c165c-a5f9-4825-ac55-0c12f77f3e31,P001,Electronics,1,799.99,799.99,Credit Card,Dallas,2026-07-20T16:24:24.048918
8518a2b7-39de-4781-b4d0-5d4b216d8fd5,c63b4306-942a-439e-a01c-69859e2c476d,P005,Sports,3,89.99,269.97,Debit Card,Dallas,2026-07-20T16:24:24.048925
79ccd9f1-0207-4b0f-9a65-036cc51531f7,ae272d6a-5841-4e03-8a9d-9d756b384104,P004,Books,1,19.99,19.99,PayPal,Boston,2026-07-20T16:24:24.048933
ce3b6f2f-bcec-45d6-a719-80429428462f,a6dbcb73-e59a-418f-a31f-2ecc278fa8b5,P002,Clothing,4,49.99,199.96,Cash,Boston,2026-07-20T16:24:24.048941
e80001fd-b608-4d9e-843a-869254d50eda,5b413f1e-5255-4334-a2fa-760dc003324b,P001,Electronics,2,799.99,1599.98,Debit Card,Chicago,2026-07-20T16:24:24.048948
eb69acfc-351b-47de-ba7b-328eda46e2a6,3bdc729e-8b2f-43ff-9a4e-bb018dd07a18,P005,Sports,5,89.99,449.95,Credit Card,Dallas,2026-07-20T16:24:24.048956
de5ed28a-9160-4834-b0fa-787c1d76c836,086e6049-93ad-43e7-9722-078d6c63d749,P002,Clothing,3,49.99,149.97,Credit Card,Seattle,2026-07-20T16:24:24.048964
c30d7dac-d45c-47e7-ab91-f82717da4bf4,8503cd9a-1723-4e41-b991-75dc761189c1,P004,Books,5,19.99,99.95,Credit Card,Seattle,2026-07-20T16:24:24.048972
66fede6b-d496-4e75-a123-047a717e6a5b,11bf1147-7d69-478f-8d51-7efd8d796b71,P001,Electronics,5,799.99,3999.95,Debit Card,New York,2026-07-20T16:24:24.048979
e9fa8000-6409-4940-9846-144f4081657b,1a5128e2-a587-4db5-83b1-510dca1c5046,P005,Sports,4,89.99,359.96,Credit Card,Seattle,2026-07-20T16:24:24.048987
11c04cba-b62b-4c08-9070-c39a7d27a926,c9bcab6e-9d50-4893-953d-009bba1719f2,P005,Sports,2,89.99,179.98,PayPal,Dallas,2026-07-20T16:24:24.048994
0e70e3a1-33aa-4f5e-86de-6ab2e4c3f6bf,34d13cf8-e7e8-4c8e-afda-655e2a2ad6f2,P002,Clothing,5,49.99,249.95,Cash,Dallas,2026-07-20T16:24:24.049002
82900cf0-5ff5-4c25-870b-1e75e308fe6b,9d2d612e-a600-44fc-ac4f-f8dd671aae31,P002,Clothing,2,49.99,99.98,Credit Card,New York,2026-07-20T16:24:24.049010
43393141-07d7-40bf-92af-4a5b31de9cc8,08d15c66-e8c4-41ed-b90e-01da102a2200,P005,Sports,5,89.99,449.95,PayPal,Boston,2026-07-20T16:24:24.049017
061b432f-da95-4a89-8f8c-5b7678d70768,6d4bde6a-3784-49b6-9fc5-a5d705d601c4,P005,Sports,2,89.99,179.98,Debit Card,Seattle,2026-07-20T16:24:24.049025
07f710cf-c00e-49c3-9c42-7106acfcfa7d,8e3d2c49-047d-4eb1-a75d-233dd9216d8d,P003,Home,5,129.99,649.95,Credit Card,Boston,2026-07-20T16:24:24.049033
fdef1647-ee24-43da-8a3a-9c731f7aff10,0856ce9d-5e52-46fc-9181-067dc188b050,P005,Sports,3,89.99,269.97,Credit Card,Seattle,2026-07-20T16:24:24.049041
f640a293-c83f-4c01-94b8-81583c5139da,df4b3578-76b4-44e6-a5bf-abb7e4523f97,P002,Clothing,1,49.99,49.99,PayPal,Boston,2026-07-20T16:24:24.049049
29bc6089-556a-4e7c-9130-90187d08c1b1,cb5548b6-f041-4e6f-8be8-43683c543128,P001,Electronics,4,799.99,3199.96,Debit Card,Boston,2026-07-20T16:24:24.049057
57af48c0-f25c-4caa-bca6-17e72e8fa5ea,bf59b6d2-a5a5-4f85-9c77-431fedb1bfe6,P003,Home,3,129.99,389.97,PayPal,Chicago,2026-07-20T16:24:24.049065
f5bf2b48-fbcd-490b-9249-dc013e7c288f,8e389134-89fb-4eb5-9a8b-9b4c7fd0d651,P001,Electronics,1,799.99,799.99,Credit Card,Boston,2026-07-20T16:24:24.049073
76c70004-4f15-4aad-9ded-1294e09378d5,40c84f07-1a9c-4b6e-8944-993dd9c057f9,P004,Books,3,19.99,59.97,Credit Card,Boston,2026-07-20T16:24:24.049081
24af5992-00e2-4243-ba71-f21f1cb36725,6ff73131-1cc2-47a3-b4d1-3fb6cd344e57,P005,Sports,5,89.99,449.95,Debit Card,Chicago,2026-07-20T16:24:24.049088
8f6e85c3-edf9-47ab-a442-66568f8bb159,3ff6c097-93b2-4b6a-b37c-f90a80c37a31,P004,Books,4,19.99,79.96,Debit Card,Seattle,2026-07-20T16:24:24.049096
c506b408-d5d2-40b9-a64d-57e6c8686d2d,57234c27-7fd5-4832-9669-520560c7cec3,P004,Books,4,19.99,79.96,Credit Card,Boston,2026-07-20T16:24:24.049104
0e32bbeb-27f6-4ade-8153-91121d8f8f8a,b2715fbf-2a64-4dda-a55a-422397acffa3,P005,Sports,4,89.99,359.96,Credit Card,Dallas,2026-07-20T16:24:24.049111
b12ae126-fbc2-406d-8db2-827c4b6c6c4a,a1cad482-7b5b-43ec-b965-ad7659fa9afb,P002,Clothing,3,49.99,149.97,Cash,Dallas,2026-07-20T16:24:24.049119
477d4ec9-df01-4a19-8839-af6c1324fea5,2cc2b4b0-d007-4c05-806f-e96f731abc03,P004,Books,3,19.99,59.97,PayPal,Seattle,2026-07-20T16:24:24.049127
2800880a-a31a-4e4f-89af-a8600f61540e,bfe10de7-08e4-4aac-a414-4fcbb4194cd7,P003,Home,1,129.99,129.99,Debit Card,Boston,2026-07-20T16:24:24.049134
cbc2cbe2-812e-401e-889c-85a6822a2026,2f7a9a37-1b29-4047-a6cf-d1667d4d403a,P003,Home,3,129.99,389.97,PayPal,New York,2026-07-20T16:24:24.049142
b5be04d6-37db-4480-a611-63b007db60f8,811d1266-8c32-4a72-be21-e576cbe2eb76,P003,Home,3,129.99,389.97,PayPal,Chicago,2026-07-20T16:24:24.049150
f0e4b0cd-9b1f-4e63-9320-861b8bf63857,64d89f6c-966d-45cd-8aa9-51940abdcf7f,P003,Home,4,129.99,519.96,Cash,New York,2026-07-20T16:24:24.049157
0ce751ac-98e1-45b0-baf9-4a25594a45f0,a4832007-c738-4fdd-b7ae-554ee2d640d3,P001,Electronics,1,799.99,799.99,Debit Card,Dallas,2026-07-20T16:24:24.049165
18c80910-60f7-4957-9564-841f0aa38b48,61695f45-b2b3-4733-908b-fd880eec85d4,P004,Books,2,19.99,39.98,Debit Card,Chicago,2026-07-20T16:24:24.049173
ca99887f-e4cb-4d23-9760-f3c1d3b92636,fd3de3f9-80bd-4c04-bcff-a384a452c32f,P002,Clothing,4,49.99,199.96,Credit Card,New York,2026-07-20T16:24:24.049181
41044b82-8d2f-4e90-8f86-974b112ab650,5b715bcf-3de6-4cac-9f2b-db68f341ffcc,P004,Books,4,19.99,79.96,Cash,New York,2026-07-20T16:24:24.049188
76a614fa-6001-4038-b7bb-d26d668b2443,72bf51b3-1632-4528-bf04-68746b528e55,P001,Electronics,5,799.99,3999.95,Cash,Dallas,2026-07-20T16:24:24.049196
5a56f9e2-9f98-4fa9-8c8f-43281bf05952,c08aadef-8cb8-4f8e-9626-27a5e1625687,P003,Home,2,129.99,259.98,PayPal,Boston,2026-07-20T16:24:24.049204
f7add9a6-50f5-4558-8877-0607023e7556,50b7e6e8-d1be-4803-ad82-2d422b4c33ca,P003,Home,2,129.99,259.98,Credit Card,Chicago,2026-07-20T16:24:24.049211
1378cd9e-eb9e-4f38-b337-1b5ad6dca470,5cfc5761-f7d8-4e0e-8b04-42dca330a3dd,P003,Home,2,129.99,259.98,Credit Card,Boston,2026-07-20T16:24:24.049219
16f09909-72ea-44ea-841f-af642713ddbd,d76e96e8-de05-45a0-8a1a-d13015754931,P005,Sports,1,89.99,89.99,Debit Card,Chicago,2026-07-20T16:24:24.049227
0ac0b1cc-faea-466d-925e-42aaf688a799,c9be9696-d692-40cc-bef5-61ed8ad1dabe,P005,Sports,3,89.99,269.97,PayPal,Boston,2026-07-20T16:24:24.049234
e6ab9a19-a290-42ba-bd46-24666c230d09,ad845af5-6ddf-49f0-98de-fae3f1d07808,P004,Books,4,19.99,79.96,PayPal,Dallas,2026-07-20T16:24:24.049242
7cf37faa-8eb5-454c-a6a7-3bc0e100392d,f4c2e095-d5f1-4fab-bb5c-4e418da0bd05,P004,Books,4,19.99,79.96,PayPal,Boston,2026-07-20T16:24:24.049251
dab3e5fe-93b2-425e-8cb8-a54cfc75e8cf,9f576c49-293a-40fc-b421-247dea751f5c,P003,Home,4,129.99,519.96,Debit Card,Seattle,2026-07-20T16:24:24.049259
e3c491d6-7db8-40be-8709-70051ee8e1c4,4fa00f84-09a2-42cf-956f-75685db90c92,P004,Books,1,19.99,19.99,Cash,Boston,2026-07-20T16:24:24.049266
8bd3077e-0981-4285-adf6-9506f17dbd0a,251a4b93-772c-4767-a75a-56fa134e064f,P001,Electronics,5,799.99,3999.95,Credit Card,New York,2026-07-20T16:24:24.049274
66c97c8a-2ebb-4354-9e25-231e7b232e42,e4491ee1-bd71-417b-bf63-668012400ca5,P002,Clothing,1,49.99,49.99,Debit Card,New York,2026-07-20T16:24:24.049282
0961702c-e503-462a-a0fb-1c142dabe884,7535ce57-a62f-4f00-84f1-caa91c1f7427,P004,Books,2,19.99,39.98,Cash,Boston,2026-07-20T16:24:24.049289
5195ddca-1017-4d07-ac88-a2d7d804160d,1024f212-6faa-4caa-a8f9-cbb3f159b843,P005,Sports,4,89.99,359.96,Credit Card,Boston,2026-07-20T16:24:24.049297
833aa30a-8209-4f84-a2bf-dd74db0bd63c,7181f4c5-75f2-4529-a526-9bb5fc0bf929,P001,Electronics,2,799.99,1599.98,Cash,Dallas,2026-07-20T16:24:24.049304
445d1f6b-6ce1-4582-9fc8-eaa8ad5a877a,69465485-7f0b-4353-ab9e-e8fd60c4a042,P005,Sports,5,89.99,449.95,Credit Card,New York,2026-07-20T16:24:24.049312
fae50c6d-942f-47c9-8921-bfdb209b523a,0c6dfac8-8d3f-47b5-b8ae-1e4df807bdc3,P005,Sports,1,89.99,89.99,PayPal,Chicago,2026-07-20T16:24:24.049319
4db255a6-d2b0-4817-9517-1eae688041fa,56f7bd1a-916b-4f6b-8c5e-55251ff52e58,P005,Sports,1,89.99,89.99,Cash,Boston,2026-07-20T16:24:24.049327
c5e7455f-cf86-40d6-8189-9626dec4a0e6,113e19ef-6ac3-496b-a819-6418fbfd17a9,P001,Electronics,3,799.99,2399.97,Cash,New York,2026-07-20T16:24:24.049335
7f75ac6b-b8db-4133-b956-32cc29b1ab59,9fcd5548-7acd-48b0-8197-fbb2b9901a51,P002,Clothing,2,49.99,99.98,Debit Card,New York,2026-07-20T16:24:24.049343
ce869b02-fa4e-460f-89a8-9247a2240924,9906328a-f3dd-4501-b24a-7751b8723451,P002,Clothing,3,49.99,149.97,PayPal,Dallas,2026-07-20T16:24:24.049350
db528373-2376-4a26-a6ee-6c4db9d9deea,019abc25-7cb6-4a41-a406-c025e03d6ebc,P004,Books,2,19.99,39.98,Debit Card,New York,2026-07-20T16:24:24.049358
365b1720-4db3-43c0-b495-0f5d6e69573a,a7eb02e4-d1ab-49fb-868d-37950d056a53,P001,Electronics,1,799.99,799.99,PayPal,Chicago,2026-07-20T16:24:24.049366
0cc33091-f0f7-4361-aaaa-7a977d2cb9e4,fd15819d-8c76-43e9-b780-5c56a16b9f1b,P004,Books,2,19.99,39.98,Credit Card,Seattle,2026-07-20T16:24:24.049374
27288567-eff6-45d8-8047-73ae404335d9,3f1873b1-e593-4756-9b9e-e738924de2b8,P003,Home,3,129.99,389.97,PayPal,Chicago,2026-07-20T16:24:24.049381
f9300618-d8e3-410c-b09e-d3ca9dabbdd5,3a73d9c5-9b53-46ec-9f9b-c075b20d301d,P002,Clothing,4,49.99,199.96,Credit Card,Dallas,2026-07-20T16:24:24.049389
83110146-8dfe-441d-9490-593475810a1b,50f9c372-dff9-4219-83ba-fba0e5d4a01c,P004,Books,3,19.99,59.97,Debit Card,Boston,2026-07-20T16:24:24.049397
6bbc78f6-17b5-434b-bb62-e0d6b8c318d5,9765f960-2de7-4caf-88e4-4d805efe40f5,P001,Electronics,4,799.99,3199.96,Debit Card,Seattle,2026-07-20T16:24:24.049404
6461b359-1ccb-4334-a87b-29f5f6df312d,8d559b42-2fe3-40fc-992b-c70a3e98d3c9,P001,Electronics,2,799.99,1599.98,PayPal,Seattle,2026-07-20T16:24:24.049412
ee4bc266-1ed5-4640-a15c-4970168d32ea,d90b8fc6-b479-4e59-95ab-34d30ab2483f,P004,Books,3,19.99,59.97,PayPal,Boston,2026-07-20T16:24:24.049419
86538890-e66f-4b65-92bd-dc62842cb609,d28734f0-97c3-45f9-9a23-028b8cd3b957,P002,Clothing,3,49.99,149.97,Credit Card,Dallas,2026-07-20T16:24:24.049427
ba042f90-13a4-467c-9e47-e1551e57091d,b44868bf-f973-42d6-86fd-339c2b94438e,P004,Books,3,19.99,59.97,Credit Card,Seattle,2026-07-20T16:24:24.049434
59d20f69-e032-45f7-9253-67a09c4a26e5,4253f14a-875c-4364-937c-a9b2879b35c2,P003,Home,5,129.99,649.95,Credit Card,New York,2026-07-20T16:24:24.049442
6b95fe0c-4a4d-4eac-b873-16c8bdc83043,81576904-2ca8-4b08-a066-1e505fb264c6,P001,Electronics,4,799.99,3199.96,Debit Card,Chicago,2026-07-20T16:24:24.049450
481b920b-38d2-4c68-9433-198a67308971,e9926dc6-607e-412a-8b81-7d9e5ee5125a,P003,Home,4,129.99,519.96,PayPal,Boston,2026-07-20T16:24:24.049459
3b164ad8-8cd2-4229-91ba-fa5230b8826c,21e11166-864d-431f-be78-99d4d8ffd9a3,P005,Sports,4,89.99,359.96,Debit Card,New York,2026-07-20T16:24:24.049467
ca9bd216-bbb0-47f7-8c34-e1dc00c0ef09,01fcd9b0-6368-4e58-b37b-f52c00693622,P002,Clothing,3,49.99,149.97,PayPal,Seattle,2026-07-20T16:24:24.049475
0ec8120e-64c9-4558-9165-593b6560d3ed,3ed07ab6-b305-4023-8741-3e95e20b8bab,P001,Electronics,5,799.99,3999.95,Credit Card,Chicago,2026-07-20T16:24:24.049482
6da6c895-62da-4242-a43a-f77c64d2c99e,5c2c9847-8024-4682-8393-c4cfa58e5cc3,P005,Sports,4,89.99,359.96,Credit Card,Dallas,2026-07-20T16:24:24.049490
3d7a3ceb-bb57-46cd-8897-d09c78ff232b,e4697643-4277-48af-b461-b5562de1ae41,P004,Books,1,19.99,19.99,Cash,Dallas,2026-07-20T16:24:24.049498
102aa65d-b6f5-4533-906f-c80758970588,500ad3b1-e255-403f-af25-7e7bc28b587c,P001,Electronics,4,799.99,3199.96,Debit Card,Boston,2026-07-20T16:24:24.049505
9b597494-e9f1-45e5-8ef1-cc61861a9424,46cb2f69-05c4-4dcc-a447-a45da37b440d,P002,Clothing,5,49.99,249.95,Cash,Seattle,2026-07-20T16:24:24.049513
9d8a247f-6c72-466f-a632-cbf7c03c6fdf,785194b4-6b48-4eb9-afbe-078b6c47a1cb,P002,Clothing,5,49.99,249.95,Credit Card,Chicago,2026-07-20T16:24:24.049521
29cbeb92-d55a-4993-acd8-84376d0e3736,834fadfb-fbdb-4951-a12b-bdf4fc98a8a2,P003,Home,5,129.99,649.95,Cash,Seattle,2026-07-20T16:24:24.049528
3b2bfc6c-92f0-4c8e-baff-5385631d5af5,ed2dafcc-0e48-4c41-a1a5-39e76630d6da,P003,Home,4,129.99,519.96,Debit Card,Boston,2026-07-20T16:24:24.049536
5d0383bd-88b1-480f-b73f-b90835b4d061,e53fcd61-b4c1-418e-bf77-02364e7c35c6,P004,Books,3,19.99,59.97,Cash,New York,2026-07-20T16:24:24.049544
5ce1d3af-159d-49e7-889a-3191f4ed5cdf,e84ccd40-42f3-4592-9ab4-24817084e143,P005,Sports,4,89.99,359.96,PayPal,New York,2026-07-20T16:24:24.049552
b6e1d14f-20dc-4ce5-a5ea-eb71b186daf7,1e73a150-a631-4c46-bf36-babe6b927a65,P003,Home,2,129.99,259.98,PayPal,Chicago,2026-07-20T16:24:24.049560
2962e375-2b8e-498f-a63c-0f2a9e8bcbbb,f891662d-f727-472d-8d42-04eef934193c,P005,Sports,5,89.99,449.95,Cash,New York,2026-07-20T16:24:24.049568
27cf970b-7837-4415-930c-6d2e8ab7fa57,58feb161-dfc3-4316-8255-9e2a1ed44766,P002,Clothing,2,49.99,99.98,PayPal,Dallas,2026-07-20T16:24:24.049575
46912208-a339-4e78-aec9-bc985835d206,4dc26877-64a9-41dc-b29b-e0ce5cb6723b,P002,Clothing,3,49.99,149.97,Credit Card,Seattle,2026-07-20T16:24:24.049583
5d38d04d-c4ff-4f4e-be9e-9958ff0ced66,bec6897a-dfe8-463b-ad99-0cb435d23d2a,P003,Home,3,129.99,389.97,Cash,New York,2026-07-20T16:24:24.049591
c6092a29-05f2-49c4-90f8-da44250fceab,8ae4dd2b-7a42-4337-92b0-4f4740634bd8,P004,Books,2,19.99,39.98,Cash,Dallas,2026-07-20T16:24:24.049599
71eb9200-c93b-4334-847a-5ed89ca345de,ad7eb781-e7a2-48a7-ae5c-1ad84c507962,P004,Books,2,19.99,39.98,Credit Card,New York,2026-07-20T16:24:24.049607
90f0c99c-0a1c-4d64-b23b-4d5d79bce922,8cb9afae-6d59-47ac-bdea-99b19bc7ef78,P002,Clothing,5,49.99,249.95,PayPal,Dallas,2026-07-20T16:24:24.049614
83dafd62-7dc3-4b87-b682-a3af9a6c858c,8668c8a6-c0d2-4a9e-865d-b2efae84ab61,P001,Electronics,3,799.99,2399.97,Debit Card,New York,2026-07-20T16:24:24.049622
2565b1bb-cc2c-42ec-b5bf-676a1c7060a0,96fef18e-279e-4f01-b553-d51884d1cccf,P005,Sports,4,89.99,359.96,PayPal,Dallas,2026-07-20T16:24:24.049630
f6c5e3b6-1b79-478d-b485-a4d5e0e4f6aa,37d17543-0bbf-4349-a96f-bb994a2d9767,P005,Sports,4,89.99,359.96,Debit Card,New York,2026-07-20T16:24:24.049638
ea90c1c9-6ab8-4ee1-b208-b985aa9c8f1d,b462480c-f15f-47f0-9975-f4f635c9c136,P002,Clothing,1,49.99,49.99,PayPal,Seattle,2026-07-20T16:24:24.049646
778e4f14-d0aa-49b5-90d1-48c9fafa9292,36fbafcb-3ca6-4419-ad50-bf0cbac6fff6,P002,Clothing,2,49.99,99.98,Cash,Seattle,2026-07-20T16:24:24.049656
7ee8d307-69ef-4f5b-b897-0535e7bd9302,8c200698-c735-4b9e-95e6-f0fd1ecaf370,P003,Home,1,129.99,129.99,Cash,New York,2026-07-20T16:24:24.049663
0396c5f4-457d-4fba-807c-ea5636b7ba38,7242c92c-c53f-42a1-a29b-603febaa6a39,P003,Home,5,129.99,649.95,Cash,New York,2026-07-20T16:24:24.049671
09534692-b717-4a5a-af8a-a1e47399f163,7ba88330-e701-4573-843e-fdbe57930186,P005,Sports,2,89.99,179.98,PayPal,Seattle,2026-07-20T16:24:24.049679
20ef931d-4c63-4d16-8bc8-ab3871e66d6b,65a2dd52-4839-47cd-a668-61cf0b9cfe79,P004,Books,1,19.99,19.99,PayPal,Seattle,2026-07-20T16:24:24.049687
f700eab8-12ef-4930-bb99-ca5b66d4c0a9,96903d50-7f4f-44e4-8d05-65fe65ee4c44,P004,Books,2,19.99,39.98,Debit Card,New York,2026-07-20T16:24:24.049694
26f52546-db2a-4049-bbfe-d2ada8dc24e9,3667b106-8219-4eaa-a01d-7ac1f6d0ee9d,P002,Clothing,5,49.99,249.95,Debit Card,New York,2026-07-20T16:24:24.049702
9ea7769c-3657-4448-a19c-bde22cb96c0d,d688c6c3-07a8-454d-8024-06aa69a6ef2b,P002,Clothing,2,49.99,99.98,Debit Card,Chicago,2026-07-20T16:24:24.049709
e0201f3e-632e-4d3b-87e5-a81535101371,decc29b0-5db5-4e34-ba07-983d0ef0fd80,P005,Sports,3,89.99,269.97,Cash,Boston,2026-07-20T16:24:24.049717
834669f2-381d-4916-bed7-7819ba01eb78,51ad863a-5577-43d8-b881-52fb47465278,P002,Clothing,2,49.99,99.98,PayPal,New York,2026-07-20T16:24:24.049725
ecc1ad4a-2d1b-4f52-85b3-b4511b5a6056,3af9350f-1bb7-4d39-932e-0b3388f44d1b,P002,Clothing,5,49.99,249.95,Credit Card,Chicago,2026-07-20T16:24:24.049732
bdcbd2b4-f930-4309-b435-2083d933f93b,be9f260f-d93a-4a09-8641-ca43fe42df8b,P001,Electronics,3,799.99,2399.97,PayPal,Seattle,2026-07-20T16:24:24.049740
5cfa7cd9-5f3d-4ad2-a648-396bc20b3d86,fa950d8b-fbdd-42ea-b633-03c399efa304,P003,Home,4,129.99,519.96,Cash,Chicago,2026-07-20T16:24:24.049748
2baf3b38-313b-492f-8c9d-9eedcb5e2780,4601abff-1d8d-4e1c-994e-5e35e0578e25,P005,Sports,1,89.99,89.99,Credit Card,Boston,2026-07-20T16:24:24.049755
a17cbbd0-b0d7-4da3-b726-c503b8515b97,8e23bec5-50fa-4054-bac3-5e0b77661eca,P003,Home,5,129.99,649.95,Cash,Boston,2026-07-20T16:24:24.049763
68da0e11-9052-43d6-8575-c44a9e22d173,83fcb453-5149-4b6f-9166-3485a385b623,P002,Clothing,1,49.99,49.99,Debit Card,Seattle,2026-07-20T16:24:24.049771
fcb03789-7052-46ee-a7b6-086466a28cba,59cfcbe6-b54c-4233-9630-b926c187c3fb,P003,Home,1,129.99,129.99,Debit Card,Seattle,2026-07-20T16:24:24.049778
21719d99-aa9f-4809-8543-ae6214d6124f,4eeaf089-06af-49dd-9816-fce60d7861f4,P001,Electronics,3,799.99,2399.97,Debit Card,New York,2026-07-20T16:24:24.049786
4f777017-f67b-4be7-b3da-b3d436610d42,c6e14a0d-183b-4603-ae4d-c6c69a384179,P001,Electronics,3,799.99,2399.97,Debit Card,Boston,2026-07-20T16:24:24.049794
50e3de05-b064-400e-a423-3cef75d970a6,c85ec40b-c23a-46c9-8d8c-ba024c745d00,P003,Home,5,129.99,649.95,Cash,Chicago,2026-07-20T16:24:24.049801
79ed61be-9e0c-4473-8f8f-a4bc067deb9c,efd1cdfb-36f2-4c00-894f-64b94632130b,P005,Sports,3,89.99,269.97,Cash,Boston,2026-07-20T16:24:24.049809
479fc401-a9f0-4895-a40a-f4082383791d,933eb39d-5026-4629-8840-b21d3c99640d,P003,Home,4,129.99,519.96,Debit Card,Boston,2026-07-20T16:24:24.049816
42dc5689-bef0-499b-ad51-4d118fda209f,11090c86-0c43-4e91-b0f8-451737ed7114,P003,Home,1,129.99,129.99,Cash,Chicago,2026-07-20T16:24:24.049825
49e0d7a5-53df-49b5-a327-bc5f1b0fbe3f,70529ff6-f6fb-4610-8d79-66cf2998a426,P004,Books,4,19.99,79.96,PayPal,Boston,2026-07-20T16:24:24.049833
2029e306-97c7-4bf2-8b2c-27b2cdefa7a2,64aeac68-3a59-4205-b776-a74c3be42902,P003,Home,5,129.99,649.95,Cash,Boston,2026-07-20T16:24:24.049841
8b116263-8b6b-4a48-b94e-7f2290736545,826a6273-3242-4ec5-9715-f9bdd7365c1d,P001,Electronics,4,799.99,3199.96,Cash,Boston,2026-07-20T16:24:24.049849
42c75c43-01a9-4102-9f26-47ae1037de04,555e5e43-5daf-4743-9211-648c28ae26a5,P005,Sports,3,89.99,269.97,Cash,Dallas,2026-07-20T16:24:24.049856
b977223e-e6b9-4ff9-ba32-cf63549e4432,9b66ffba-2892-4921-9116-bb7e9843a258,P001,Electronics,2,799.99,1599.98,Credit Card,Dallas,2026-07-20T16:24:24.049864
75712ec6-d63b-4194-8d58-ca15f156f8e9,eb25ff52-4065-4262-91ee-0b3a25f33825,P003,Home,4,129.99,519.96,Credit Card,Seattle,2026-07-20T16:24:24.049872
ac3e20e2-6577-4b6d-a127-d347814d6d6e,257ff269-3814-4c7f-8b3c-940d5238040e,P004,Books,5,19.99,99.95,Debit Card,Seattle,2026-07-20T16:24:24.049879
e600c13c-087d-45dc-8b89-b441dffcd50a,6f3c6083-7237-4e26-9996-fc432daff60a,P004,Books,3,19.99,59.97,PayPal,Seattle,2026-07-20T16:24:24.049887
a2083233-329f-492c-9df8-ab7b57d4f29b,817a0e7b-fcf3-4219-bb74-73c656731074,P005,Sports,3,89.99,269.97,PayPal,New York,2026-07-20T16:24:24.049895
ff43384b-ffef-4df6-be5e-7fe7cb1cd1f5,25311bf7-1df1-41f2-a4c3-64e48323a43b,P001,Electronics,2,799.99,1599.98,Cash,Chicago,2026-07-20T16:24:24.049903
7e750fdf-3345-4cf8-a86f-9d5e7a667c59,e9cb5431-2062-4ea4-81c2-e87b4b427ec9,P005,Sports,3,89.99,269.97,Debit Card,Boston,2026-07-20T16:24:24.049910
388f2471-e7cc-4348-8e95-4a9d2ad064ff,129f164d-7a14-4aee-81ff-8bc6c766cf40,P001,Electronics,5,799.99,3999.95,PayPal,Seattle,2026-07-20T16:24:24.049918
9fce757b-69e2-460a-b996-7430625d13b7,fd97d2af-ad2f-48d6-a92e-b7875d9b4a25,P001,Electronics,3,799.99,2399.97,PayPal,New York,2026-07-20T16:24:24.049926
42788122-f6e8-43b6-8d28-a51298b97b0f,3c64b34e-d9b6-4987-9d27-b10668727a29,P005,Sports,2,89.99,179.98,PayPal,Dallas,2026-07-20T16:24:24.049933
87a16339-8956-40b8-8c45-aca6c76e668f,8d918e36-6937-47de-b41c-3f34853dc74a,P001,Electronics,3,799.99,2399.97,Credit Card,Chicago,2026-07-20T16:24:24.049941
5e5c88d1-8317-42ac-be85-6696f65866a3,ca65da3b-2da5-40b8-bfcd-09929f3d8a3c,P001,Electronics,1,799.99,799.99,Debit Card,New York,2026-07-20T16:24:24.049949
f558eea4-6192-4bf2-bfc7-81f6f64362ad,4a8d86ef-ee01-4cac-9125-57bdb8e1dfc2,P003,Home,2,129.99,259.98,PayPal,Dallas,2026-07-20T16:24:24.049956
f13eca66-ab79-4d58-b2f6-440c173f6d94,14db839a-d62b-4132-9625-31638da6c2c0,P004,Books,3,19.99,59.97,Debit Card,Dallas,2026-07-20T16:24:24.049964
0137bfb5-9b04-498d-b1d7-a9acd6e84fd1,feb0b0a7-8e28-468a-b16e-540e9a91c4ae,P001,Electronics,5,799.99,3999.95,Cash,New York,2026-07-20T16:24:24.049971
6efa479e-1c77-4e0b-bdd8-003e78f088ab,99892677-b8cc-4972-85f1-2094dda08ac7,P005,Sports,2,89.99,179.98,Cash,New York,2026-07-20T16:24:24.049979
f1cb8492-9527-499f-8b86-38321c42ae51,93891a8a-242c-4080-bc44-c7e2483ffca2,P003,Home,2,129.99,259.98,PayPal,Dallas,2026-07-20T16:24:24.049988
9e5ea1cb-bf11-4630-be1f-35f5bfeb8aab,8350d57a-e576-4b40-a740-b6b7ae954f41,P002,Clothing,4,49.99,199.96,Credit Card,Chicago,2026-07-20T16:24:24.049995
e1499032-1dd8-4df6-8602-92766a0c7385,bd8e4599-dd12-4726-aedb-d1510413d8f2,P004,Books,4,19.99,79.96,Cash,Chicago,2026-07-20T16:24:24.050003
eb5a7ed8-627a-4eff-a5d3-11d35444bc5e,fa3c6d47-01ce-4a49-b743-d72355e6655a,P002,Clothing,1,49.99,49.99,Credit Card,Boston,2026-07-20T16:24:24.050010
bcd186d0-e4bb-49b0-90ff-431da9a24c96,7754b9b0-c83a-481e-916b-5b7f1bb0c2eb,P003,Home,4,129.99,519.96,PayPal,New York,2026-07-20T16:24:24.050018
c1c0ec92-1158-4ee6-9095-3f6198c45a5e,60f70227-3cf7-4f02-85a8-6bfac9f8105e,P004,Books,3,19.99,59.97,Credit Card,Seattle,2026-07-20T16:24:24.050026
e902f34d-d232-438c-aff5-466adf2e299b,e17262c0-baf6-4d56-b73a-7eb0184e0406,P003,Home,1,129.99,129.99,Cash,Chicago,2026-07-20T16:24:24.050033
17983d36-75ed-44cb-96bf-fc187ca3011f,8a240d1e-caeb-4c61-b96a-ee698e57d392,P001,Electronics,5,799.99,3999.95,Debit Card,Seattle,2026-07-20T16:24:24.050041
a6c6037d-dfc2-4adb-946f-4e2253cad02d,6658df17-8e3b-4cd6-ab5b-b7bde99453a8,P003,Home,2,129.99,259.98,Debit Card,Boston,2026-07-20T16:24:24.050049
13fa9d2c-8bbe-420c-9cfb-474cb88e7e15,2721c0f2-4179-4d80-93f7-05a27586efa4,P005,Sports,3,89.99,269.97,Cash,Seattle,2026-07-20T16:24:24.050057
138c007c-5b6b-4ae1-9e95-cc253a93bb4a,4051bd1d-31b5-4cc4-ab17-9ba046b5f212,P004,Books,2,19.99,39.98,PayPal,Boston,2026-07-20T16:24:24.050064
8c021779-b615-4ca0-b55d-da92f43d040d,6e12bd45-814d-443b-919b-9b8b6ef7acb6,P005,Sports,4,89.99,359.96,Debit Card,Seattle,2026-07-20T16:24:24.050072
7e7de9be-fed1-45cb-afe8-504869716f54,88618114-3984-4b77-a8db-280f847e195a,P001,Electronics,3,799.99,2399.97,Credit Card,Boston,2026-07-20T16:24:24.050080
6e2807c0-c0a3-4b49-b7d7-9a94936bfc9f,6c3de5e1-3391-49db-ac91-7c6063bc5292,P004,Books,1,19.99,19.99,Credit Card,Seattle,2026-07-20T16:24:24.050087
aabcd1fe-d5cf-485a-9e8b-ba2e47258f6e,a2b75e92-b12d-4975-b16e-731c75b8d832,P004,Books,3,19.99,59.97,Cash,Seattle,2026-07-20T16:24:24.050095
06cfcfb9-b841-429c-9157-2d4ed5ee51b1,bc618bc7-9d7a-453d-a3a2-4f05258b1a1b,P003,Home,4,129.99,519.96,Cash,Chicago,2026-07-20T16:24:24.050102
c422cb67-e5d2-4d53-96e5-39074175aad3,6654566f-f335-448b-aeb6-97e506155477,P003,Home,2,129.99,259.98,Debit Card,Seattle,2026-07-20T16:24:24.050110
24a87d66-1d21-4eeb-814b-664a37481590,dcd233dd-72d2-4614-921c-8d374f05c4c8,P003,Home,4,129.99,519.96,Cash,Chicago,2026-07-20T16:24:24.050117
28ec3472-4351-44ed-bb62-79edcf64e126,9106adc4-147a-4969-ab99-9b48271b9bd0,P004,Books,4,19.99,79.96,Cash,Dallas,2026-07-20T16:24:24.050125
d66e6f8a-f962-4482-80d8-199d5c330984,6b2e9487-02b2-4455-9f70-cfe8c4f4c28a,P005,Sports,2,89.99,179.98,Cash,Boston,2026-07-20T16:24:24.050133
d6e34001-d9a9-4109-aa3f-1f01854b9f55,9b8c568a-ba9c-4989-91c8-57de1305cd6e,P004,Books,4,19.99,79.96,Credit Card,Chicago,2026-07-20T16:24:24.050140
2ff6b100-6249-4c98-8004-1b43f6724c00,5dbe8dff-a9eb-4c70-9d78-4284cbe47ad6,P005,Sports,4,89.99,359.96,Credit Card,Chicago,2026-07-20T16:24:24.050148
8a878bc0-10c6-46bf-8f5e-96f2966c34ba,adbd1d70-6988-444f-b730-924c76848884,P003,Home,3,129.99,389.97,Debit Card,Chicago,2026-07-20T16:24:24.050157
4c63accb-f8b5-479c-8dcb-503fc29a9c32,4ffc7bf8-f5de-4c1b-ad5d-4848a1efbba0,P003,Home,2,129.99,259.98,Cash,Boston,2026-07-20T16:24:24.050165
926081dc-ec2b-4eff-a80a-82f82320dc45,f1ecf24b-058d-4a32-b040-e54262b9e27d,P004,Books,2,19.99,39.98,PayPal,Dallas,2026-07-20T16:24:24.050173
46e5397b-6923-4cbc-943b-2829fafaea64,a587f480-fed0-44f1-8c8e-efa93caf1524,P004,Books,1,19.99,19.99,Cash,Boston,2026-07-20T16:24:24.050180
79fcc3a1-2e2c-4da8-898d-c9503143fbb6,0269978a-d4ca-4488-8846-ef264ca1cbf3,P005,Sports,3,89.99,269.97,PayPal,Chicago,2026-07-20T16:24:24.050188
da9f611b-6999-424a-b729-8b78f80d636c,b3271ce8-de66-475d-a264-e3c5b8a686ff,P004,Books,2,19.99,39.98,Credit Card,Chicago,2026-07-20T16:24:24.050196
17b1df12-aef0-4d99-9b9c-391e73829790,d0b90d99-8acf-433e-ab21-b88177ff4fe7,P001,Electronics,2,799.99,1599.98,Debit Card,Dallas,2026-07-20T16:24:24.050204
f21cc203-e5af-48b3-b922-96dad5ae1354,c6c7c410-3ea5-42e3-a827-b7c706b6f36c,P002,Clothing,4,49.99,199.96,Cash,New York,2026-07-20T16:24:24.050211
638a8508-4a94-44ac-8ec2-8656a6c5852f,4aad6384-f0c7-4e9f-a0c4-f9a6bcde3bfa,P001,Electronics,5,799.99,3999.95,Cash,New York,2026-07-20T16:24:24.050219
0aee8035-2d07-4f1c-8cab-f8cf7276dc82,e3e0865e-c7dc-496d-ab4d-d702a1a84c4c,P002,Clothing,3,49.99,149.97,PayPal,Seattle,2026-07-20T16:24:24.050227
8118d856-d598-4241-9d0a-edd466b1b3a7,35406aa6-6d6f-4b3b-ae03-192fc051e09b,P005,Sports,3,89.99,269.97,Credit Card,Dallas,2026-07-20T16:24:24.050235
e73228fe-3a0d-4eda-8da8-7e45cfdbb15f,6092563a-713b-4c31-99c0-f329a5cfd8ae,P002,Clothing,3,49.99,149.97,Debit Card,New York,2026-07-20T16:24:24.050242
156f709c-2022-42c5-9875-cfdd38ebf957,b0c791d2-44ef-4439-80f4-5c7c920d0b6e,P002,Clothing,5,49.99,249.95,Credit Card,Seattle,2026-07-20T16:24:24.050250
7cc854d1-d142-41de-9ebd-aa6ebb8b71b8,8c47b8e9-fd63-41df-8c0e-fd46fc9c8f0f,P002,Clothing,4,49.99,199.96,Cash,Seattle,2026-07-20T16:24:24.050258
32842275-121e-43ab-8d31-f3f10f39e0d8,348f94ef-0e7e-4be3-a916-9b3b2f603eb8,P005,Sports,4,89.99,359.96,Credit Card,Chicago,2026-07-20T16:24:24.050265
f5df5925-eef9-4244-be21-c7c50a5c5163,331f06ae-5ad5-48d5-8e87-6f30d60d3fda,P001,Electronics,4,799.99,3199.96,Cash,New York,2026-07-20T16:24:24.050273
d1c57c19-04d2-4ada-a98d-a5a82f24bfa6,3c79c303-0079-45c9-bc6e-552d8ce81edc,P005,Sports,5,89.99,449.95,PayPal,Boston,2026-07-20T16:24:24.050280
c41198f1-237f-43bd-99e7-fc12b3c19371,49fd91b5-799e-4b1d-b4b9-5496889cc2e9,P003,Home,3,129.99,389.97,Credit Card,Dallas,2026-07-20T16:24:24.050288
520f43d5-6e4d-4af9-9c0f-ba5ddbcccb23,e13fe40e-1d89-4d59-b3ad-4d036001c9c9,P004,Books,5,19.99,99.95,Debit Card,Boston,2026-07-20T16:24:24.050296
7e90715a-4bca-4fbe-a9f6-fe33505e0b43,0a54e435-6b6f-4c8d-94b0-606a67225410,P001,Electronics,1,799.99,799.99,Credit Card,Dallas,2026-07-20T16:24:24.050304
6eee9f53-f468-4658-b212-e2b6e59869c9,3a43b67d-d2d0-4151-b041-9901db3832c9,P003,Home,5,129.99,649.95,PayPal,New York,2026-07-20T16:24:24.050311
ff503c26-9057-4dfe-92af-dbc375bb9b03,c2d18ad7-900f-4e64-9476-440680892b53,P004,Books,5,19.99,99.95,Debit Card,Dallas,2026-07-20T16:24:24.050319
e8e588ad-12aa-48a7-9a81-3f44abad10eb,bd776b97-d4c0-494d-a56c-01ed3f556da4,P003,Home,4,129.99,519.96,Credit Card,Chicago,2026-07-20T16:24:24.050327
9e8cdf2e-1184-458b-8869-df75623c5872,f9135e1f-4216-4429-baf4-e3d3d1fcc0de,P003,Home,3,129.99,389.97,Cash,Dallas,2026-07-20T16:24:24.050334
75c2e7e3-57fd-422e-86d2-8ded4b7bd90e,247167b8-219c-4e13-8d9c-4ce3003f9a75,P001,Electronics,5,799.99,3999.95,Cash,Boston,2026-07-20T16:24:24.050342
7249c16f-d790-4f9d-8d8d-8f524e149503,aec30d27-2f61-4066-a4cf-c5894432202d,P005,Sports,3,89.99,269.97,Cash,Chicago,2026-07-20T16:24:24.050350
5860959b-428b-43ed-b62a-e247778a3563,34cbc299-e796-4f16-b645-458cdea854ec,P005,Sports,5,89.99,449.95,Cash,New York,2026-07-20T16:24:24.050358
52548b7f-5247-4bc2-9d02-19a1b2ef7efa,9dc262f6-e808-452c-99d3-f50b3b2f5f18,P004,Books,3,19.99,59.97,PayPal,Boston,2026-07-20T16:24:24.050366
58e2ba31-cdbd-476c-8c07-2b45b1cea887,1e3a9b7c-0dfe-427b-af64-07fa10d45a21,P001,Electronics,1,799.99,799.99,PayPal,New York,2026-07-20T16:24:24.050373
0237799e-842d-46cd-adf8-91030027adc5,fb651fbe-9868-4d07-ba16-2e50529392c2,P005,Sports,3,89.99,269.97,Debit Card,Dallas,2026-07-20T16:24:24.050381
74e08d76-8261-463a-81ba-57912a40dae9,18eb8607-b0bc-4756-b499-4822e674c561,P005,Sports,1,89.99,89.99,Debit Card,Boston,2026-07-20T16:24:24.050389
6a26e5c0-7924-4eb2-a72b-74ea709512dc,c4184fe6-fae4-4df5-b5f0-4bb37772a0f9,P003,Home,5,129.99,649.95,Cash,New York,2026-07-20T16:24:24.050397
9af15f0b-dcde-46f2-80c5-eb6d3e4932cb,78dfde92-a68c-49c8-a32c-286820926254,P005,Sports,5,89.99,449.95,PayPal,Seattle,2026-07-20T16:24:24.050404
cf9dcc6c-76e5-41ef-996c-4833c2e05184,cd8f2349-d8e1-43dc-8176-db0d5af46efe,P003,Home,5,129.99,649.95,Debit Card,Chicago,2026-07-20T16:24:24.050412
c0fdb909-ce0c-4ab7-9d7f-a049059cd501,fe99f0c3-f24b-44a5-af27-a6f73ff82d87,P003,Home,4,129.99,519.96,Credit Card,Dallas,2026-07-20T16:24:24.050420
df92944f-11fc-45b0-8608-5c896797b9dc,ab3cf11d-8b35-4c43-a4cc-bd44115c3ca3,P004,Books,1,19.99,19.99,Credit Card,New York,2026-07-20T16:24:24.050427
9c93e285-e05a-4c82-a08e-76e88db73d07,cb0117b3-d313-4c33-afe3-85fcb41f7372,P005,Sports,2,89.99,179.98,Credit Card,New York,2026-07-20T16:24:24.050435
591dad28-0119-4b32-bf50-212fbc176fb3,de8cadf7-8bd5-4633-9df3-bdaa9dbf76a0,P001,Electronics,4,799.99,3199.96,Cash,Boston,2026-07-20T16:24:24.050443
2a4358a5-ddf5-4bbd-ae03-f15ad6ba687e,555ba727-fb44-459a-8a77-9d6dfd3c539f,P001,Electronics,5,799.99,3999.95,Debit Card,New York,2026-07-20T16:24:24.050450
a9eeb4bb-ac65-4f7b-a068-3ba2505db849,27753c14-b8a6-4dde-b3bd-3e5491a04e86,P001,Electronics,2,799.99,1599.98,Credit Card,Seattle,2026-07-20T16:24:24.050458
004f3ce5-b01a-4037-bca2-462cd16e11f4,caa5c042-2664-4604-bbb4-970b18a7bd43,P004,Books,3,19.99,59.97,Credit Card,Seattle,2026-07-20T16:24:24.050466
768b86c2-d3db-4b91-8ec8-0f00ab4febd5,0745d598-f03e-44ec-bede-edcf7849c9b5,P003,Home,2,129.99,259.98,Cash,Dallas,2026-07-20T16:24:24.050473
2de8cd6a-e8d5-42c1-8226-1751e5671122,0f3c9611-d414-4eb8-ac66-b994a2549630,P002,Clothing,3,49.99,149.97,PayPal,New York,2026-07-20T16:24:24.050481
a8508d3c-4419-4e07-b50b-4c5bebe04452,c4113251-0c87-4fd0-b34f-50111674585a,P005,Sports,2,89.99,179.98,Cash,Dallas,2026-07-20T16:24:24.050489
a97a060e-fe53-4a80-9142-ef923cd0f326,6a241e7c-69c7-4e46-96b6-23f6409889f3,P002,Clothing,2,49.99,99.98,Debit Card,New York,2026-07-20T16:24:24.050497
78ea6b63-3430-4013-b5b8-8832f54a68b6,bf8d8674-6eb8-4c23-bed0-d4bdfeedfa11,P003,Home,1,129.99,129.99,Debit Card,New York,2026-07-20T16:24:24.050504
d6b61375-976e-4242-a995-fcc7787b460a,18fd8bca-275e-474d-9eb4-47e62f0a1518,P005,Sports,5,89.99,449.95,Cash,Chicago,2026-07-20T16:24:24.050512
4efcfc9f-e3d5-48ef-9979-6fddf05f1d93,58f8386b-9cfa-4311-b720-979f8fe04c4c,P001,Electronics,2,799.99,1599.98,Cash,Dallas,2026-07-20T16:24:24.050519
c4c80629-c816-4ad9-b2a9-52a75987fa21,54690dd4-1c5d-41d0-9f65-8152ff076936,P005,Sports,2,89.99,179.98,Credit Card,Dallas,2026-07-20T16:24:24.050527
f4e7eecf-a05d-45a5-8097-efc65493b3e0,2c32d95e-0707-4a6d-b0b9-b581c40abc95,P002,Clothing,2,49.99,99.98,Cash,Chicago,2026-07-20T16:24:24.050535
ef923d4e-90eb-4499-b23a-03028d68c7e3,ee5f8c76-c644-439e-a950-5853d96e1670,P003,Home,5,129.99,649.95,Credit Card,Seattle,2026-07-20T16:24:24.050542
331c9d3b-48d2-4f58-a706-fcfa547449eb,b73813e8-4b59-4df8-9d03-9cc79e35cea7,P001,Electronics,2,799.99,1599.98,Credit Card,Chicago,2026-07-20T16:24:24.050550
aa9db406-0983-4f22-81cf-9edbb8ae1a7d,92711113-ceb9-4de2-89cc-dce1d8c3eaa1,P003,Home,5,129.99,649.95,Credit Card,Dallas,2026-07-20T16:24:24.050559
47560a27-e951-4991-83b0-86d9e1a1a477,46bfc758-9031-4368-86a0-ce69d7b64498,P003,Home,3,129.99,389.97,PayPal,New York,2026-07-20T16:24:24.050566
c8c186f2-7b7a-46d2-a4e9-e34853a068d3,77007f8f-8014-4e46-a15e-7b6fb7736b73,P002,Clothing,4,49.99,199.96,Debit Card,New York,2026-07-20T16:24:24.050574
932c05a8-df06-4df2-85c2-6441e4850bc3,82aaa350-3010-4701-a302-0a94f8f2f582,P004,Books,3,19.99,59.97,PayPal,Dallas,2026-07-20T16:24:24.050581
a3dbb1e2-3701-447d-8515-87dc6fc105c4,b8fd10d5-9375-4db6-ae73-8b46fc6a4fef,P001,Electronics,1,799.99,799.99,Cash,New York,2026-07-20T16:24:24.050589
1a36bd24-e71a-4d5b-ae4c-b7a15db531aa,14a8774c-5d28-4eb9-873a-56b65c211f81,P004,Books,1,19.99,19.99,Credit Card,New York,2026-07-20T16:24:24.050597
95243524-f3aa-4421-a6cd-b73586d32d5f,5f89435d-f42e-4ae3-98e4-192f80eca24a,P001,Electronics,3,799.99,2399.97,Credit Card,Boston,2026-07-20T16:24:24.050604
f27cf9e3-6f15-4c64-8e74-cf8b093741ca,fd807298-ed48-477e-acb3-66162b0cb00d,P003,Home,3,129.99,389.97,PayPal,Seattle,2026-07-20T16:24:24.050612
18194bc9-6011-4de1-8ace-91cffb35961f,b499013d-c1cd-4110-9c8a-48e5d4ab6100,P003,Home,3,129.99,389.97,PayPal,Boston,2026-07-20T16:24:24.050620
17cbc8c2-8ee6-4644-93ec-20aa77b6456c,d9a2be06-537f-4e0d-acbf-3af6d53714e6,P003,Home,1,129.99,129.99,Credit Card,Seattle,2026-07-20T16:24:24.050627
24cc2503-04d2-497d-8198-79b9e90f984d,9d772930-2b6f-4bdb-9627-dd0951329898,P005,Sports,3,89.99,269.97,PayPal,Chicago,2026-07-20T16:24:24.050635
bbdd46fe-3c1f-44ad-88b0-b6ff5ad27f24,47f2602f-013b-4726-902b-b60bb30f2f5b,P001,Electronics,1,799.99,799.99,Cash,Chicago,2026-07-20T16:24:24.050642
2f434e46-437d-4529-9d94-5f65fe06c8b6,eedf5e6f-5423-45c6-84f8-a4a4623d5ffe,P001,Electronics,5,799.99,3999.95,PayPal,Seattle,2026-07-20T16:24:24.050650
410acc3e-d1d6-4ced-ae16-0a96d46db144,1b256d97-5e17-430b-a2d3-a28bcc6fd1e8,P004,Books,2,19.99,39.98,PayPal,Seattle,2026-07-20T16:24:24.050659
6ee745e0-3d5b-47f1-99af-059d16b72942,ef3eacc7-0d5e-4be9-b1c3-a0790c4de1b4,P003,Home,2,129.99,259.98,PayPal,Seattle,2026-07-20T16:24:24.050667
025e8f5f-c1cf-4d2e-aef0-b0ed85896f5e,c2688312-d1ff-4a86-a058-e830f4c8b971,P001,Electronics,5,799.99,3999.95,Debit Card,New York,2026-07-20T16:24:24.050674
a55c71e7-41ac-4e0b-a655-8382e2f87f9c,322747f9-d93f-4576-92ef-1705a12c9022,P005,Sports,1,89.99,89.99,Credit Card,Boston,2026-07-20T16:24:24.050682
a74573ee-f3fe-4470-93fd-dcd81edbed4d,3b6c396a-3f68-4d71-8b37-993ea0d877dc,P002,Clothing,3,49.99,149.97,Debit Card,Seattle,2026-07-20T16:24:24.050690
e7b61971-c427-4351-983d-545c628fc0cf,c4acba97-77e5-45ee-ad11-2646e8b0ebf5,P003,Home,3,129.99,389.97,PayPal,Dallas,2026-07-20T16:24:24.050697
91c18c29-3fa6-42dc-a475-782fffd4397e,73af975d-1422-4a61-abb3-aa09214d648a,P003,Home,2,129.99,259.98,Debit Card,Seattle,2026-07-20T16:24:24.050705
8b0ad946-7cf3-41de-8518-208a1bd4ac23,4cab8c65-3dce-4a03-923a-237288ee4dba,P003,Home,1,129.99,129.99,Credit Card,Dallas,2026-07-20T16:24:24.050712
38247231-661b-4bf9-b918-8ddd2be32614,c1f6ec17-d9fa-41ce-8d94-45acb5eef8eb,P003,Home,2,129.99,259.98,Credit Card,Seattle,2026-07-20T16:24:24.050720
ffcc03c3-1ace-4ec8-9f5e-91e446e11723,94c30b72-8858-49c5-8f5a-84591d72a49f,P001,Electronics,3,799.99,2399.97,Cash,Seattle,2026-07-20T16:24:24.050727
c359eeea-d703-43a9-ac95-9f192e4bec86,11daaecc-153a-479b-a422-64694a7a2960,P005,Sports,1,89.99,89.99,PayPal,Dallas,2026-07-20T16:24:24.050735
e0234f88-9314-49f4-90ce-d2ac0e3d2624,e812196f-298b-4741-9135-81322a845be9,P004,Books,2,19.99,39.98,Debit Card,New York,2026-07-20T16:24:24.050743
d7e097d3-c6ff-46e4-b55b-a54506f32a56,b62ed582-9625-4ef3-b678-c6edcc187822,P003,Home,1,129.99,129.99,Debit Card,New York,2026-07-20T16:24:24.050750
52fd0f2a-0f16-49b2-9e21-777ac3c622d2,022452f8-1193-416e-ba20-22b179254f44,P005,Sports,3,89.99,269.97,PayPal,Chicago,2026-07-20T16:24:24.050758
c74b3274-f39d-4191-b05c-da967ee80527,b2e562a9-f3d7-4a59-8e3f-d0deef9cf061,P001,Electronics,2,799.99,1599.98,Debit Card,Seattle,2026-07-20T16:24:24.050766
c9698885-160d-48bb-9620-36a241975c67,6ab66137-9759-49c9-a536-59939da8b45b,P004,Books,2,19.99,39.98,Debit Card,Chicago,2026-07-20T16:24:24.050773
851e42e5-bd35-4d83-8893-e2dac2dc41cc,95bc6345-0674-4c5f-96b4-602a43f9ade5,P001,Electronics,4,799.99,3199.96,PayPal,New York,2026-07-20T16:24:24.050781
417a4e91-de71-4a0d-9e9a-c9a95fa2e082,2f13b064-5d7e-48c2-886a-785fd7aff22c,P001,Electronics,5,799.99,3999.95,PayPal,Boston,2026-07-20T16:24:24.050789
fb3cd0b8-3f49-49cf-920b-9bd6b72b727c,5e2b4ef0-51ff-4d38-9cf5-9427aa6a60a7,P003,Home,5,129.99,649.95,Credit Card,New York,2026-07-20T16:24:24.050796
18478acc-17ff-4c2f-b4c0-0dfcbf736c2b,b3a35a47-5e69-4c1c-b4e2-4505406e5b18,P002,Clothing,1,49.99,49.99,PayPal,Dallas,2026-07-20T16:24:24.050804
33bee741-ea44-4496-8f4a-7deb89ad6fcf,2ee2295a-7dc5-4d25-b959-8b7cc8136740,P001,Electronics,4,799.99,3199.96,Credit Card,Boston,2026-07-20T16:24:24.050812
856418bc-a2a8-45d4-be91-f6573b280b0e,92b97d7b-2e2b-4cad-942d-39a2b9bc8856,P005,Sports,3,89.99,269.97,Debit Card,Seattle,2026-07-20T16:24:24.050819
ade854ab-7c21-4c9c-82a4-0f2b77df3ef9,81443749-71e8-45d9-a2b8-e34bd7041830,P001,Electronics,5,799.99,3999.95,Debit Card,Chicago,2026-07-20T16:24:24.050827
60d58e69-c136-4b20-a8e5-325bbd71ad55,0702050f-4ac3-4a08-8265-3c6f65eaa293,P001,Electronics,3,799.99,2399.97,Credit Card,Seattle,2026-07-20T16:24:24.050835
b3002088-85fc-4cdd-80a2-c00250690600,4b239da9-3840-4f2e-a21d-fcf63c4bafd0,P004,Books,3,19.99,59.97,Cash,New York,2026-07-20T16:24:24.050842
c1abeaa3-b460-4f0c-8cbc-f29d142753bc,c97a0944-87bc-4306-949d-ccd0e303d74c,P005,Sports,1,89.99,89.99,Cash,Chicago,2026-07-20T16:24:24.050850
e6e7e862-8f0a-4c01-9926-3390e56c6dd7,8af950ab-3359-4fc9-a011-64e2b4343356,P001,Electronics,2,799.99,1599.98,PayPal,Dallas,2026-07-20T16:24:24.050857
7f45fc61-2509-4102-bdb8-cc7f4a5b815a,cb3e5013-ed8f-4330-a6d1-26d355b69ad8,P005,Sports,4,89.99,359.96,PayPal,Boston,2026-07-20T16:24:24.050865
31de3292-4213-42a7-ad7b-d9909392a21d,7ebedcd1-c5a5-43c4-a3fa-dd370c8fd862,P003,Home,4,129.99,519.96,Cash,Seattle,2026-07-20T16:24:24.050873
71ebd591-2175-4e52-a032-421f84e1722c,37b53af2-990e-467a-8bbc-59f98fe5367e,P001,Electronics,2,799.99,1599.98,Credit Card,Chicago,2026-07-20T16:24:24.050881
2a531d5e-372a-4edc-9e50-aebb3bec049c,039a2d57-3676-4171-bd20-262200d373e7,P003,Home,4,129.99,519.96,Debit Card,New York,2026-07-20T16:24:24.050888
6ec78b12-5d86-460f-995c-d97ff412dd44,86ef9b05-7702-4973-8341-8e357d4a8376,P001,Electronics,5,799.99,3999.95,Credit Card,Chicago,2026-07-20T16:24:24.050896
2c4f1b08-56a7-44c7-9494-8e59adb4c9c4,3b6af35c-9c51-4e70-8be4-6e3bb24cc0df,P005,Sports,3,89.99,269.97,Debit Card,New York,2026-07-20T16:24:24.050904
d8f6b0c9-f1d1-417b-a401-b1836c531153,2b13c67f-64be-49df-b5bb-e61e03a4d100,P002,Clothing,3,49.99,149.97,PayPal,New York,2026-07-20T16:24:24.050911
7ea5d706-cacf-4b90-ae69-468b030afb3a,f9f8df64-ce9f-4cf1-95f0-9e2d3767b443,P004,Books,1,19.99,19.99,Cash,Chicago,2026-07-20T16:24:24.050919
d316c306-392c-4c9a-bfd4-95b5321017f5,2ab9ed68-1964-4d2d-8d32-e8f615ee365d,P001,Electronics,3,799.99,2399.97,Credit Card,Boston,2026-07-20T16:24:24.050927
493825c2-78f7-410c-ad17-acf8a4a0dbb6,ca20a3ef-de7e-42f2-8ebb-877320976582,P003,Home,2,129.99,259.98,Debit Card,Seattle,2026-07-20T16:24:24.050934
9f9cf492-7494-4718-bc53-89243e48c42b,9d0886e7-d178-411d-99c6-461f24a65b09,P002,Clothing,1,49.99,49.99,Debit Card,Dallas,2026-07-20T16:24:24.050942
00c62cc9-2fb9-4219-be3d-a4618995fa98,1ef06a59-49fe-4f9d-ab20-da550576e7f1,P002,Clothing,3,49.99,149.97,Cash,New York,2026-07-20T16:24:24.050950
de0f820f-9a19-4f74-b29c-3565207ebb0d,b7601e66-7d87-41cb-bd4b-d202135ca333,P005,Sports,2,89.99,179.98,Cash,New York,2026-07-20T16:24:24.050959
ca08219e-e2a5-4ba1-bfe4-235b18ebd5bf,8f9a5190-7dc3-4858-8547-d06a636fdf84,P005,Sports,1,89.99,89.99,Credit Card,Dallas,2026-07-20T16:24:24.050966
e3dba5bb-c493-49d1-9b5f-3afb7a42d347,aff643d2-afd5-4af1-a923-b673fcbf9bee,P005,Sports,2,89.99,179.98,Credit Card,New York,2026-07-20T16:24:24.050974
e9648504-db38-4302-9488-8eb9af134052,85e1d187-7427-4162-baf8-ab01541a29d4,P004,Books,2,19.99,39.98,Debit Card,Chicago,2026-07-20T16:24:24.050981
d3e9eff6-2f08-4a0d-9468-9a6200243dc8,77aaaf40-faa9-4dd5-b65e-664bc945312e,P003,Home,5,129.99,649.95,Debit Card,Chicago,2026-07-20T16:24:24.050990
33daf5a3-2d02-4c70-9429-97ce9bee01a9,0c1ca575-8a36-4798-b98a-3c21ae528ba5,P005,Sports,3,89.99,269.97,PayPal,Seattle,2026-07-20T16:24:24.050998
af894d67-9055-42bf-9808-06a3301769ba,0083460c-16ba-481e-854a-519c8c54f024,P004,Books,5,19.99,99.95,Cash,New York,2026-07-20T16:24:24.051006
e7f7c974-d171-4244-bb5d-3c06b5ee137a,defc2154-8f89-4b6a-baf0-6d21f919e68b,P002,Clothing,1,49.99,49.99,Cash,New York,2026-07-20T16:24:24.051013
7e1c5672-ed4e-4fbb-8811-d6eac092d99a,34efda79-20d1-44e7-85bb-cb7b74134616,P002,Clothing,4,49.99,199.96,Debit Card,Chicago,2026-07-20T16:24:24.051021
ae2c5cb1-d215-4d50-830e-61af549d2223,715886b6-6f42-4058-a2ee-5f50a4922063,P003,Home,5,129.99,649.95,PayPal,Dallas,2026-07-20T16:24:24.051029
17d68393-c98f-4b83-b70f-32083dcb5788,47e509fc-c659-4a81-ba39-8663c72d7572,P003,Home,5,129.99,649.95,Cash,Chicago,2026-07-20T16:24:24.051037
3aac9fe2-908f-456d-a2d2-9bfd86664d5e,6239e2a8-f2b1-473b-ac4c-ee72e3d95ee8,P002,Clothing,3,49.99,149.97,Cash,Chicago,2026-07-20T16:24:24.051044
c36dc841-3786-4673-b8b2-70a5d014b782,1f0f642e-5f92-4661-b2cc-74f50a9868e9,P003,Home,5,129.99,649.95,Cash,Chicago,2026-07-20T16:24:24.051052
b4ad6b85-8c6c-4c81-aad7-02b58745c538,7a29384c-faa9-423b-a3b2-319bc892cde7,P003,Home,1,129.99,129.99,Credit Card,Boston,2026-07-20T16:24:24.051061
fc9fb5b3-015f-4476-a389-2e1668269f01,f2575cad-4664-48cf-9930-a9154bca1076,P004,Books,1,19.99,19.99,PayPal,New York,2026-07-20T16:24:24.051068
f719c75b-49df-4b32-8f8f-e9685c73116a,b0bcd2be-ceb9-4bce-8d31-87b116d54f9c,P003,Home,3,129.99,389.97,Cash,Seattle,2026-07-20T16:24:24.051076
68824d12-44ed-4449-804d-cf6c36a3c67b,4240d111-79b2-4fa4-9d75-8d88f2722035,P004,Books,1,19.99,19.99,Cash,Seattle,2026-07-20T16:24:24.051084
65cd376e-34e8-483c-99b8-e154e85e84c9,4cee0b3c-56cd-4984-b9f8-af25a2573cd5,P001,Electronics,4,799.99,3199.96,Credit Card,Dallas,2026-07-20T16:24:24.051091
ae96b5cd-cdd5-4364-b5e7-264f78d91c4a,9510195a-7c9c-4f62-a94a-144702b80d95,P004,Books,1,19.99,19.99,Debit Card,Seattle,2026-07-20T16:24:24.051099
822e20b8-ffb0-4ea6-82b8-2f1b3730abe7,e1787b18-aeca-4927-82d7-9acc4492a38e,P002,Clothing,2,49.99,99.98,Debit Card,New York,2026-07-20T16:24:24.051107
c3625d63-4f08-46e9-a0f3-c6b35a572d20,5f09d4a7-0bd0-43d4-946b-a5bd38c4679b,P003,Home,4,129.99,519.96,Credit Card,Seattle,2026-07-20T16:24:24.051114
751631c9-5745-494b-a2ad-d5a258d98005,b7d7ac7e-9f07-480d-80ca-ecb7b996b447,P003,Home,3,129.99,389.97,Cash,Boston,2026-07-20T16:24:24.051122
1845853b-44fc-4971-aa8c-02a964eca9ea,d004f882-646d-48cf-9f72-99f9ae3b8f9b,P005,Sports,1,89.99,89.99,Credit Card,Boston,2026-07-20T16:24:24.051129
bb7fe8ae-c20a-4e67-ac5a-7e14083329b5,c66d5a49-307e-4901-aacc-35d15be41455,P001,Electronics,4,799.99,3199.96,Debit Card,Seattle,2026-07-20T16:24:24.051137
78503a57-ebdf-40f3-aac9-1392c627aab3,4fa9231b-289e-46f1-a0c8-b01bce7673e8,P002,Clothing,5,49.99,249.95,PayPal,Seattle,2026-07-20T16:24:24.051144
d380effd-cdd7-443d-9c02-61e7beebc66c,ded26659-0d4c-4584-a18d-51f27ecc8b3f,P005,Sports,4,89.99,359.96,Cash,Seattle,2026-07-20T16:24:24.051152
2996cd64-5846-4408-a7d3-32855b78f457,b131b71b-2c91-4c68-85db-cc503ab451d7,P004,Books,1,19.99,19.99,Cash,Dallas,2026-07-20T16:24:24.051160
d601d268-56e7-4960-9a3b-9ee13e897fbd,9a42eceb-1f37-43d9-8e46-a357a2a7d89a,P004,Books,3,19.99,59.97,Cash,Dallas,2026-07-20T16:24:24.051167
7dd3721b-932c-4128-947a-ab1621d379db,c280a3b6-4af8-4f41-b406-5d5444859063,P001,Electronics,3,799.99,2399.97,Cash,Chicago,2026-07-20T16:24:24.051175
a237dc85-3fd6-4c41-b595-9730ebcfdfd9,db0b56b9-da54-45fd-8cfd-75fc52fd6134,P004,Books,5,19.99,99.95,Debit Card,Chicago,2026-07-20T16:24:24.051183
e2c36707-6b56-4248-9fc5-1e80105da810,53d91bc0-0777-4ba9-8dee-994d780cadc9,P001,Electronics,3,799.99,2399.97,Credit Card,Seattle,2026-07-20T16:24:24.051190
bf650b16-21f0-4778-a9f2-f3f6408ce59b,c2526a69-fec5-4e97-af8d-e2a76e6cc498,P001,Electronics,4,799.99,3199.96,Credit Card,New York,2026-07-20T16:24:24.051198
8f265666-0575-4232-b5f3-bd14b2fd1de9,3a938d44-6fc4-4c1c-9bb6-e8f0ac8914c0,P003,Home,4,129.99,519.96,Debit Card,New York,2026-07-20T16:24:24.051206
b0c5e9b3-c4c1-4188-a79f-40889a529658,20d723a4-4517-4672-8a50-af16cf41aab7,P004,Books,4,19.99,79.96,Credit Card,Dallas,2026-07-20T16:24:24.051213
4b23ed98-97da-4f7b-b2d7-b81a26b35316,15c40eef-7d27-4211-9950-3fd74f1d65db,P001,Electronics,2,799.99,1599.98,PayPal,Dallas,2026-07-20T16:24:24.051221
8c72f798-bfe1-4b96-af2a-9537c40b5748,f7d85381-8eae-4186-85e0-7b3aa998696b,P002,Clothing,3,49.99,149.97,Credit Card,Boston,2026-07-20T16:24:24.051229
a3952c52-abe6-4001-a0c7-529b534e3c4a,c8a4a0e9-c0a2-4455-84cb-94097abdd98a,P001,Electronics,3,799.99,2399.97,Cash,New York,2026-07-20T16:24:24.051236
c98f6e40-6515-49d4-8f6e-7e5b917d446a,e375dd76-f641-4c7d-afca-53d92abb2e4a,P002,Clothing,1,49.99,49.99,PayPal,Boston,2026-07-20T16:24:24.051244
08fe2f91-2f85-4774-b318-49e0a99d66f7,c4eeff20-f541-49fb-a0c9-2c832499ef30,P005,Sports,4,89.99,359.96,Credit Card,Dallas,2026-07-20T16:24:24.051252
628bc36a-c3ab-483b-bf57-ed0278e1e995,9c0bb6ec-cfc0-4771-824f-a9924903e386,P005,Sports,1,89.99,89.99,Cash,Seattle,2026-07-20T16:24:24.051260
c3501cc6-bd64-4f5f-8ee4-811d0415e270,e8693ab6-a3c9-4c67-a92a-43fdce1d84d9,P003,Home,1,129.99,129.99,Debit Card,Boston,2026-07-20T16:24:24.051267
3abc570b-d909-4022-ab87-f37b054003d4,d4706df5-e48b-4ecd-a4d2-3ef164bc7e26,P005,Sports,4,89.99,359.96,Credit Card,Dallas,2026-07-20T16:24:24.051275
2ac368fe-9286-4ed4-9611-f05a8df07989,c9d2c586-48ad-4885-9dff-494a25ec7056,P005,Sports,3,89.99,269.97,Cash,Dallas,2026-07-20T16:24:24.051284
7400d43b-3faa-42d9-9c9e-3ec404220b89,f3d51500-f82f-43e6-938e-c41c9ecc3ce6,P001,Electronics,3,799.99,2399.97,Debit Card,Dallas,2026-07-20T16:24:24.051291
3776c87c-8002-41c0-9c52-f54308d1e180,1078ab1e-3ff0-4e7f-97b2-81ec84faeef2,P002,Clothing,3,49.99,149.97,PayPal,Boston,2026-07-20T16:24:24.051299
8d76fde7-0716-4ba5-b463-dc13895d8899,de76efec-6cdc-4b0d-b5ea-44d83ab1537d,P003,Home,4,129.99,519.96,PayPal,Chicago,2026-07-20T16:24:24.051307
16e9998b-c8d0-4483-856e-a8ed4da9c3af,64d0523e-8a6d-4fd1-8ce3-697f63945e41,P002,Clothing,1,49.99,49.99,Cash,Seattle,2026-07-20T16:24:24.051314
93b7092a-4944-457f-8e34-2c8a45a6e25b,d5b38a34-e8eb-4258-8572-297c9eac5c65,P003,Home,3,129.99,389.97,Debit Card,Seattle,2026-07-20T16:24:24.051322
54981d5f-5794-4dca-870d-f06c00b4ea31,1af27bca-c50d-4c39-932b-6e94832a65be,P001,Electronics,5,799.99,3999.95,Cash,Seattle,2026-07-20T16:24:24.051329
0aa31054-2109-4d2d-9746-f84853054cd8,26029d92-0244-4940-bde7-0df6efc6f40e,P001,Electronics,1,799.99,799.99,Cash,New York,2026-07-20T16:24:24.051337
7f530be9-34cb-4e6f-b531-2a92720443c8,db8a3f95-1a3b-4e35-ad56-68269621119c,P002,Clothing,3,49.99,149.97,Debit Card,Seattle,2026-07-20T16:24:24.051345
57d755c7-81bd-4d73-9f86-45e8a3a9e54e,17834ae1-d75a-4025-8d2c-157782638d85,P002,Clothing,2,49.99,99.98,Cash,Chicago,2026-07-20T16:24:24.051352
8f4150d1-7869-4abb-ace3-91cd6a834d80,514a6f10-1bec-4c67-b640-7c909772b94d,P005,Sports,4,89.99,359.96,Debit Card,New York,2026-07-20T16:24:24.051360
da2430c1-81ed-4bca-804a-e95bbc0b1376,2c025a47-f99b-492a-b585-aaea91d11381,P004,Books,4,19.99,79.96,PayPal,Boston,2026-07-20T16:24:24.051368
e3d4f857-6342-48db-a45c-d34932d31f61,3f2af12d-34e0-4747-a49e-7da2f9e5ba8d,P005,Sports,2,89.99,179.98,PayPal,Dallas,2026-07-20T16:24:24.051375
2be293d6-823e-4235-b26e-b7bc49e832dd,91efef33-59c6-442d-b9a4-9a81f243123b,P002,Clothing,5,49.99,249.95,PayPal,Chicago,2026-07-20T16:24:24.051383
aa4b87c0-3a95-441b-9461-42861d5c8dd4,19d8c079-9377-43f9-9e57-7e2a797310d3,P002,Clothing,3,49.99,149.97,Cash,Boston,2026-07-20T16:24:24.051391
82eade68-b104-43d8-9189-21ccc2fcdde9,e493863e-59f4-40da-9505-d289694eefad,P003,Home,2,129.99,259.98,PayPal,New York,2026-07-20T16:24:24.051398
be21fb6e-a381-4536-85af-93cfb7f5b4cd,b874e3fc-a036-4e29-aab2-e14ba970e74a,P003,Home,4,129.99,519.96,Debit Card,Boston,2026-07-20T16:24:24.051406
5307168a-24e4-44f1-9f75-1af31c5252ed,7c43edad-cf9a-4c10-bd4a-953a28e32164,P002,Clothing,4,49.99,199.96,Debit Card,Boston,2026-07-20T16:24:24.051414
db567920-563d-42fb-ba3d-2e64ad9c05b2,c1c0089c-6461-4df9-8c9d-ff9b215055a9,P002,Clothing,2,49.99,99.98,PayPal,Dallas,2026-07-20T16:24:24.051421
e44505b0-8f2c-4f1b-a72d-fd7ff066ff4a,a7b4b512-3596-4c55-b4b6-d3d67fe6d68d,P001,Electronics,4,799.99,3199.96,Cash,New York,2026-07-20T16:24:24.051429
0e2c21d9-1463-449d-ad82-78fb2826818f,52b9bf78-62d1-40bd-9b9e-ae8bdd629d8c,P004,Books,5,19.99,99.95,Credit Card,Seattle,2026-07-20T16:24:24.051437
2cae7d62-2f18-411e-b17b-b8d5616c5a90,bfabecd8-5882-47ca-9b6d-23dda8866403,P005,Sports,3,89.99,269.97,Cash,Chicago,2026-07-20T16:24:24.051444
79a774b7-94b4-4613-a623-535660a0631d,04750a1b-a65d-494d-bcb9-80ee021fa833,P005,Sports,3,89.99,269.97,PayPal,New York,2026-07-20T16:24:24.051452
2186dee3-64b4-4176-a1d5-81b5cebdca24,7db581d3-23cd-4b04-958b-37325f17a3b2,P004,Books,5,19.99,99.95,Credit Card,Seattle,2026-07-20T16:24:24.051461
602ca281-f61d-46ab-9ded-6434e7d656a3,653dec9a-1684-42a7-a5ea-83ccf6804774,P005,Sports,4,89.99,359.96,PayPal,New York,2026-07-20T16:24:24.051469
da4e4e38-c9fb-492e-a120-b642b3a306d1,3c41db34-13f8-418f-b531-f96b0d5bfcfa,P005,Sports,5,89.99,449.95,PayPal,Dallas,2026-07-20T16:24:24.051476
